Train_ID,Date,Departure_City,Arrival_City,Cargo_Type,Weight_Tons,Distance_KM,Cost_USD,Delay_Hours
1,2023-04-13,Kazan,Saint Petersburg,Metal,7473.28,1599.65,597731.62,0.19
2,2023-12-15,Kazan,Ekaterinburg,Metal,7744.67,2804.2,1085880.18,0.0
3,2023-09-28,Moscow,Vladivostok,Grain,9327.95,3968.11,1850716.58,0.0
4,2023-04-17,Ekaterinburg,Novosibirsk,Metal,790.22,2139.47,84532.6,6.25
5,2023-03-13,Saint Petersburg,Kazan,Metal,8784.46,923.78,405745.42,0.0
6,2023-07-08,Saint Petersburg,Vladivostok,Grain,5508.65,2427.26,668546.29,1.92
7,2023-01-21,Vladivostok,Saint Petersburg,Containers,6509.17,370.59,120611.67,0.0
8,2023-04-13,Saint Petersburg,Vladivostok,Containers,6622.47,4717.68,1562134.71,6.09
9,2023-05-02,Novosibirsk,Moscow,Metal,8288.08,466.62,193369.19,7.88
10,2023-08-03,Saint Petersburg,Kazan,Containers,3667.37,2248.44,412293.07,4.42
11,2023-11-27,Vladivostok,Saint Petersburg,Containers,7463.99,2696.42,1006302.6,0.0
12,2023-03-29,Saint Petersburg,Novosibirsk,Metal,5521.49,4927.99,1360492.38,6.19
13,2023-04-10,Novosibirsk,Ekaterinburg,Containers,8037.24,913.51,367104.96,0.0
14,2023-12-26,Moscow,Saint Petersburg,Metal,9910.19,660.71,327388.08,0.0
15,2023-06-01,Vladivostok,Novosibirsk,Coal,2406.18,142.66,17163.28,0.08
16,2023-05-11,Moscow,Ekaterinburg,Grain,9949.16,862.3,428958.03,0.0
17,2023-05-30,Moscow,Ekaterinburg,Grain,1353.22,1115.64,75485.32,0.0
18,2023-11-05,Moscow,Saint Petersburg,Containers,522.02,3189.85,83258.27,8.37
19,2023-09-15,Kazan,Vladivostok,Containers,919.54,1176.56,54094.7,12.06
20,2023-12-10,Ekaterinburg,Vladivostok,Containers,3746.93,200.55,37572.34,0.0
21,2023-10-21,Kazan,Ekaterinburg,Grain,6512.61,4150.43,1351506.6,0.0
22,2023-07-11,Ekaterinburg,Vladivostok,Coal,1155.78,1891.42,109303.27,2.71
23,2023-10-04,Moscow,Moscow,Coal,553.83,1833.11,50761.57,0.06
24,2023-06-10,Vladivostok,Ekaterinburg,Grain,9402.36,1582.15,743797.19,4.0
25,2023-11-10,Ekaterinburg,Ekaterinburg,Coal,8308.3,4879.33,2026946.87,6.58
26,2023-01-22,Novosibirsk,Novosibirsk,Grain,8187.24,933.57,382168.08,5.75
27,2023-09-10,Novosibirsk,Vladivostok,Coal,8902.03,4501.37,2003566.54,5.05
28,2023-08-24,Saint Petersburg,Ekaterinburg,Metal,7150.33,3906.34,1396581.0,10.3
29,2023-12-11,Ekaterinburg,Moscow,Metal,1491.84,474.75,35412.55,0.0
30,2023-02-18,Vladivostok,Novosibirsk,Grain,4291.45,4934.97,1058908.85,9.4
31,2023-02-28,Kazan,Saint Petersburg,Coal,7369.92,1429.69,526835.05,0.0
32,2023-06-19,Moscow,Ekaterinburg,Containers,3163.18,583.06,92216.19,5.93
33,2023-07-07,Saint Petersburg,Moscow,Coal,7030.36,4163.64,1463594.41,0.0
34,2023-09-28,Novosibirsk,Kazan,Metal,732.74,3562.71,130527.01,0.0
35,2023-07-09,Kazan,Moscow,Metal,3408.3,3124.37,532439.51,5.31
36,2023-06-24,Kazan,Moscow,Coal,5716.74,864.31,247051.78,0.0
37,2023-02-20,Moscow,Novosibirsk,Coal,6504.85,2444.63,795097.57,6.95
38,2023-12-30,Ekaterinburg,Saint Petersburg,Containers,5981.89,3924.72,1173862.17,8.3
39,2023-02-24,Novosibirsk,Kazan,Containers,7128.68,1587.76,565931.65,2.89
40,2023-09-01,Vladivostok,Vladivostok,Coal,557.84,1627.28,45388.09,2.71
41,2023-11-16,Kazan,Vladivostok,Coal,1458.94,115.39,8417.35,0.0
42,2023-05-11,Moscow,Moscow,Coal,8754.97,953.79,417520.14,5.37
43,2023-11-03,Vladivostok,Novosibirsk,Coal,6976.61,4389.49,1531187.99,3.74
44,2023-05-15,Ekaterinburg,Novosibirsk,Grain,1572.85,2264.56,178090.66,0.0
45,2023-01-21,Novosibirsk,Vladivostok,Coal,8499.71,4922.75,2092097.37,0.04
46,2023-11-25,Ekaterinburg,Kazan,Containers,2801.2,2038.97,285578.14,1.2
47,2023-06-16,Kazan,Saint Petersburg,Metal,5043.47,3604.41,908936.69,0.04
48,2023-10-01,Vladivostok,Kazan,Grain,1879.37,1481.4,139204.94,0.0
49,2023-03-30,Vladivostok,Ekaterinburg,Coal,7246.05,1882.67,682096.05,5.5
50,2023-11-12,Vladivostok,Ekaterinburg,Metal,6835.12,1034.56,353567.09,0.78
51,2023-01-14,Kazan,Saint Petersburg,Grain,2505.57,1800.61,225577.72,2.08
52,2023-08-30,Kazan,Vladivostok,Metal,8702.31,2781.46,1210256.36,0.0
53,2023-09-22,Ekaterinburg,Saint Petersburg,Coal,4312.41,4959.69,1069410.84,4.38
54,2023-12-12,Saint Petersburg,Novosibirsk,Coal,3278.89,3354.59,549966.58,2.99
55,2023-02-22,Ekaterinburg,Ekaterinburg,Containers,1947.13,1076.31,104785.77,8.06
56,2023-12-06,Novosibirsk,Moscow,Coal,3028.6,320.31,48504.54,4.4
57,2023-04-02,Moscow,Moscow,Coal,709.26,719.15,25503.22,0.99
58,2023-09-21,Vladivostok,Vladivostok,Grain,6040.95,2856.52,862804.72,0.0
59,2023-02-04,Saint Petersburg,Novosibirsk,Containers,8501.19,3849.29,1636177.28,6.33
60,2023-07-25,Moscow,Kazan,Grain,5715.31,4708.05,1345398.26,0.59
61,2023-03-22,Saint Petersburg,Novosibirsk,Metal,2583.1,177.53,22928.89,1.14
62,2023-02-19,Ekaterinburg,Moscow,Coal,819.86,2661.52,109103.69,1.14
63,2023-12-26,Kazan,Moscow,Metal,2538.97,2407.25,305596.78,0.0
64,2023-01-02,Vladivostok,Ekaterinburg,Grain,4453.15,3314.67,738036.14,1.23
65,2023-02-23,Ekaterinburg,Novosibirsk,Coal,7716.31,2841.94,1096464.5,11.63
66,2023-04-16,Moscow,Novosibirsk,Coal,2284.51,3466.49,395961.55,0.0
67,2023-09-17,Moscow,Moscow,Grain,7338.02,3324.6,1219799.06,0.0
68,2023-11-06,Moscow,Kazan,Grain,8735.87,673.36,294119.27,8.92
69,2023-07-10,Moscow,Vladivostok,Grain,4812.5,4018.62,966980.44,0.13
70,2023-08-06,Moscow,Vladivostok,Grain,8303.6,703.84,292220.29,0.0
71,2023-02-13,Saint Petersburg,Novosibirsk,Grain,5769.24,3522.8,1016193.93,7.17
72,2023-06-11,Ekaterinburg,Vladivostok,Coal,6552.36,2139.11,700810.94,0.0
73,2023-07-21,Vladivostok,Moscow,Grain,5499.65,2617.87,719868.44,6.11
74,2023-09-27,Kazan,Moscow,Coal,4900.14,4526.16,1108940.88,2.23
75,2023-12-17,Kazan,Novosibirsk,Coal,2729.21,4460.43,608672.51,4.32
76,2023-10-31,Ekaterinburg,Novosibirsk,Grain,3380.34,4107.5,694237.33,4.23
77,2023-09-28,Ekaterinburg,Ekaterinburg,Grain,3254.72,2599.73,423069.66,0.0
78,2023-08-03,Kazan,Novosibirsk,Containers,5851.24,3707.58,1084697.02,7.26
79,2023-09-09,Kazan,Kazan,Coal,1639.56,2613.2,214224.91,0.0
80,2023-07-09,Saint Petersburg,Vladivostok,Grain,9209.52,4361.07,2008168.07,4.04
81,2023-10-23,Novosibirsk,Novosibirsk,Grain,7346.22,2073.6,761656.09,8.19
82,2023-08-01,Vladivostok,Saint Petersburg,Grain,4313.73,4854.15,1046974.62,8.89
83,2023-07-27,Moscow,Ekaterinburg,Containers,2006.93,4668.38,468455.59,0.66
84,2023-08-25,Novosibirsk,Saint Petersburg,Containers,8878.93,3733.85,1657629.64,4.32
85,2023-12-04,Ekaterinburg,Moscow,Metal,8325.89,1469.14,611594.9,0.2
86,2023-02-22,Kazan,Vladivostok,Coal,7356.35,745.1,274060.82,14.52
87,2023-10-07,Novosibirsk,Novosibirsk,Metal,3079.7,4288.05,660295.38,5.9
88,2023-08-05,Vladivostok,Saint Petersburg,Grain,4323.24,909.98,196703.1,2.42
89,2023-09-09,Ekaterinburg,Vladivostok,Containers,1476.11,4285.88,316321.52,3.56
90,2023-07-07,Moscow,Moscow,Containers,2295.88,2504.75,287530.27,4.04
91,2023-02-10,Moscow,Kazan,Metal,7938.66,2092.13,830435.44,4.18
92,2023-06-06,Vladivostok,Ekaterinburg,Containers,7292.87,4525.63,1650241.56,0.8
93,2023-01-15,Vladivostok,Vladivostok,Grain,6138.11,3058.87,938784.03,0.03
94,2023-10-28,Kazan,Vladivostok,Containers,9009.4,2925.41,1317809.44,1.24
95,2023-03-06,Moscow,Kazan,Metal,6041.03,2837.95,857207.05,0.0
96,2023-12-11,Ekaterinburg,Vladivostok,Grain,4936.2,1918.73,473561.75,5.59
97,2023-11-23,Novosibirsk,Moscow,Metal,3733.52,3949.65,737304.86,0.0
98,2023-01-09,Ekaterinburg,Moscow,Containers,9434.26,1338.71,631486.91,0.0
99,2023-12-10,Saint Petersburg,Kazan,Metal,1285.8,4700.59,302200.93,1.93
100,2023-05-09,Saint Petersburg,Ekaterinburg,Metal,9343.43,4480.53,2093175.92,1.35
101,2023-05-16,Vladivostok,Novosibirsk,Coal,8353.79,1753.65,732481.19,3.25
102,2023-03-04,Kazan,Saint Petersburg,Containers,1734.33,3674.37,318628.51,0.0
103,2023-05-19,Saint Petersburg,Novosibirsk,Containers,5867.35,2908.79,853344.45,0.04
104,2023-03-22,Moscow,Vladivostok,Metal,8732.21,1754.48,766024.39,5.46
105,2023-06-12,Ekaterinburg,Saint Petersburg,Coal,5932.19,4943.76,1466366.18,5.16
106,2023-10-16,Ekaterinburg,Kazan,Containers,9118.4,223.66,101971.07,4.95
107,2023-09-18,Vladivostok,Kazan,Grain,9458.35,1337.97,632749.43,2.17
108,2023-08-19,Novosibirsk,Ekaterinburg,Metal,4512.65,2648.36,597556.09,2.84
109,2023-02-10,Vladivostok,Saint Petersburg,Containers,4084.48,2657.57,542739.58,3.15
110,2023-01-28,Novosibirsk,Moscow,Grain,9395.05,2985.77,1402572.92,0.0
111,2023-05-15,Vladivostok,Saint Petersburg,Containers,6913.83,3783.21,1307823.54,9.37
112,2023-07-20,Vladivostok,Vladivostok,Grain,1602.22,3155.04,252753.41,8.66
113,2023-11-24,Vladivostok,Moscow,Metal,901.77,3041.38,137131.26,5.97
114,2023-09-25,Novosibirsk,Kazan,Containers,5863.98,362.22,106202.54,0.0
115,2023-02-02,Novosibirsk,Saint Petersburg,Containers,9336.62,1945.0,907986.3,4.7
116,2023-02-17,Vladivostok,Novosibirsk,Coal,8520.36,1237.07,527014.09,6.89
117,2023-03-03,Saint Petersburg,Ekaterinburg,Metal,6920.55,1400.31,484545.77,0.0
118,2023-08-04,Kazan,Novosibirsk,Grain,1821.6,2816.25,256504.05,10.47
119,2023-10-20,Kazan,Ekaterinburg,Containers,2915.2,1077.58,157068.06,0.0
120,2023-04-09,Kazan,Vladivostok,Containers,8817.36,1540.35,679091.02,5.52
121,2023-06-21,Novosibirsk,Novosibirsk,Grain,2236.67,1261.72,141102.56,9.27
122,2023-12-26,Novosibirsk,Saint Petersburg,Metal,3145.17,4747.66,746609.89,1.43
123,2023-08-02,Saint Petersburg,Saint Petersburg,Coal,1731.21,4728.86,409332.49,1.25
124,2023-02-04,Kazan,Novosibirsk,Coal,6923.03,3088.71,1069161.6,5.34
125,2023-08-15,Kazan,Saint Petersburg,Containers,9467.83,4630.16,2191878.39,11.26
126,2023-04-11,Vladivostok,Vladivostok,Grain,3055.2,3950.48,603475.32,0.59
127,2023-05-11,Novosibirsk,Moscow,Containers,5016.36,2990.74,750131.43,0.0
128,2023-09-14,Kazan,Vladivostok,Grain,6526.23,131.53,42919.75,0.0
129,2023-01-05,Ekaterinburg,Ekaterinburg,Coal,9994.93,3885.33,1941680.07,0.0
130,2023-08-06,Saint Petersburg,Vladivostok,Metal,1495.68,3542.19,264899.14,6.49
131,2023-09-12,Ekaterinburg,Ekaterinburg,Grain,5236.42,3114.74,815504.34,0.0
132,2023-12-25,Ekaterinburg,Saint Petersburg,Coal,4158.64,3826.08,795564.47,0.96
133,2023-10-10,Saint Petersburg,Moscow,Containers,8725.29,2613.32,1140098.74,6.55
134,2023-07-26,Ekaterinburg,Saint Petersburg,Grain,5021.69,3550.01,891352.49,0.12
135,2023-01-15,Kazan,Kazan,Metal,1554.29,4682.34,363885.71,5.8
136,2023-12-12,Novosibirsk,Saint Petersburg,Containers,6527.03,1941.44,633591.86,0.0
137,2023-02-11,Saint Petersburg,Ekaterinburg,Containers,7822.42,3569.8,1396223.75,6.79
138,2023-06-28,Vladivostok,Saint Petersburg,Coal,527.37,2430.87,64098.4,3.71
139,2023-03-04,Ekaterinburg,Saint Petersburg,Grain,8660.09,3404.56,1474189.8,1.56
140,2023-12-18,Saint Petersburg,Moscow,Containers,2267.22,3838.18,435099.92,2.65
141,2023-08-19,Moscow,Saint Petersburg,Metal,5744.66,322.72,92695.83,0.0
142,2023-08-29,Moscow,Moscow,Grain,4450.08,3268.34,727218.72,2.54
143,2023-02-21,Novosibirsk,Novosibirsk,Metal,7336.71,1211.03,444248.8,1.29
144,2023-04-06,Kazan,Kazan,Containers,4026.04,3383.16,681036.87,0.0
145,2023-08-10,Novosibirsk,Moscow,Metal,8762.75,2394.82,1049260.45,0.0
146,2023-08-19,Novosibirsk,Ekaterinburg,Coal,7439.72,3890.41,1447178.05,1.35
147,2023-08-25,Novosibirsk,Novosibirsk,Metal,6653.28,704.66,234415.01,0.0
148,2023-05-23,Novosibirsk,Moscow,Grain,8064.29,3168.98,1277778.69,0.0
149,2023-06-20,Vladivostok,Moscow,Metal,7663.22,1464.51,561143.12,7.38
150,2023-01-29,Vladivostok,Kazan,Metal,841.42,4279.61,180047.47,1.29
151,2023-02-05,Saint Petersburg,Ekaterinburg,Coal,4249.98,4649.08,987924.85,0.0
152,2023-01-13,Moscow,Vladivostok,Metal,9342.67,4982.35,2327422.59,12.67
153,2023-06-09,Novosibirsk,Vladivostok,Metal,1694.38,4000.44,338913.28,8.21
154,2023-11-23,Saint Petersburg,Moscow,Containers,7502.42,3793.3,1422946.49,0.26
155,2023-07-06,Moscow,Saint Petersburg,Containers,9758.62,1155.95,564023.84,0.0
156,2023-08-31,Ekaterinburg,Ekaterinburg,Grain,995.89,1746.43,86962.61,4.02
157,2023-03-27,Kazan,Novosibirsk,Containers,6980.84,2381.84,831362.2,3.01
158,2023-10-11,Vladivostok,Saint Petersburg,Containers,4947.46,3889.57,962174.6,4.71
159,2023-03-07,Ekaterinburg,Saint Petersburg,Containers,6002.16,4583.33,1375494.0,0.0
160,2023-06-19,Moscow,Ekaterinburg,Containers,1310.74,1026.78,67292.08,7.49
161,2023-02-14,Ekaterinburg,Moscow,Coal,908.57,4619.6,209861.5,0.0
162,2023-03-03,Kazan,Moscow,Containers,6835.23,3508.56,1199090.73,5.4
163,2023-05-14,Moscow,Moscow,Coal,8321.44,3092.78,1286819.16,0.0
164,2023-10-11,Ekaterinburg,Moscow,Coal,7929.15,1079.22,427864.86,15.24
165,2023-01-28,Vladivostok,Vladivostok,Containers,5666.15,372.07,105410.22,5.48
166,2023-04-18,Vladivostok,Moscow,Metal,1448.73,2885.48,209014.07,16.42
167,2023-02-13,Saint Petersburg,Vladivostok,Coal,7036.42,3292.43,1158346.02,6.14
168,2023-12-06,Ekaterinburg,Vladivostok,Metal,2797.94,1132.83,158479.52,0.0
169,2023-10-13,Novosibirsk,Moscow,Metal,9155.15,2826.64,1293915.66,6.15
170,2023-11-27,Ekaterinburg,Kazan,Containers,8463.52,4296.82,1818311.1,6.5
171,2023-05-08,Moscow,Novosibirsk,Grain,7239.14,4191.82,1517258.59,3.87
172,2023-12-14,Moscow,Saint Petersburg,Containers,9514.04,4644.04,2209179.12,5.15
173,2023-08-19,Ekaterinburg,Vladivostok,Grain,798.51,1892.84,75572.58,5.81
174,2023-07-09,Kazan,Ekaterinburg,Grain,7493.9,1658.44,621409.18,0.0
175,2023-08-13,Vladivostok,Ekaterinburg,Containers,3637.31,3772.19,686031.22,0.0
176,2023-10-10,Moscow,Novosibirsk,Containers,9107.63,2212.45,1007508.8,0.0
177,2023-05-01,Vladivostok,Ekaterinburg,Grain,3033.41,528.99,80232.18,2.64
178,2023-04-26,Moscow,Kazan,Containers,7386.14,1485.73,548690.49,0.88
179,2023-08-21,Saint Petersburg,Ekaterinburg,Grain,8837.65,2151.05,950511.35,0.0
180,2023-09-16,Novosibirsk,Saint Petersburg,Metal,895.74,1533.33,68673.25,5.88
181,2023-12-25,Moscow,Saint Petersburg,Containers,4277.65,1727.81,369548.32,3.42
182,2023-07-17,Vladivostok,Vladivostok,Metal,7741.94,1539.5,595935.83,2.84
183,2023-05-17,Saint Petersburg,Moscow,Coal,4821.73,303.35,73133.59,0.71
184,2023-11-14,Moscow,Kazan,Metal,3038.9,3221.76,489530.32,0.11
185,2023-06-14,Kazan,Vladivostok,Metal,2588.15,3026.73,391681.56,0.0
186,2023-08-13,Novosibirsk,Kazan,Grain,1749.42,3301.58,288792.5,6.67
187,2023-11-03,Moscow,Moscow,Metal,8642.73,1042.32,450424.52,0.0
188,2023-08-22,Saint Petersburg,Ekaterinburg,Containers,5965.88,1548.71,461970.9,3.05
189,2023-06-21,Kazan,Ekaterinburg,Grain,1225.66,3136.12,192190.84,10.31
190,2023-06-01,Ekaterinburg,Moscow,Coal,4134.51,3038.18,628069.28,0.34
191,2023-11-11,Saint Petersburg,Vladivostok,Containers,3993.47,2581.02,515361.3,6.8
192,2023-06-09,Saint Petersburg,Moscow,Coal,2226.52,1817.02,202281.57,4.84
193,2023-04-06,Kazan,Novosibirsk,Metal,4637.32,4573.36,1060406.69,3.56
194,2023-08-21,Saint Petersburg,Saint Petersburg,Containers,3654.94,1764.87,322524.7,4.15
195,2023-06-29,Kazan,Vladivostok,Containers,3747.14,2332.53,437015.82,1.53
196,2023-04-23,Moscow,Kazan,Coal,7520.75,3422.76,1287086.11,2.17
197,2023-11-14,Kazan,Novosibirsk,Containers,2621.0,2760.81,361804.15,0.0
198,2023-02-21,Kazan,Vladivostok,Containers,6597.67,1799.74,593704.53,2.21
199,2023-09-25,Novosibirsk,Moscow,Containers,5921.17,2234.66,661590.09,0.0
200,2023-10-22,Kazan,Moscow,Metal,5896.88,3992.96,1177300.3,7.03
201,2023-04-23,Kazan,Moscow,Coal,6798.57,1462.83,497257.61,0.0
202,2023-04-11,Ekaterinburg,Moscow,Containers,5709.63,797.05,227543.03,4.41
203,2023-04-23,Moscow,Kazan,Grain,8852.92,1634.5,723504.89,3.68
204,2023-03-22,Novosibirsk,Novosibirsk,Grain,6918.01,4262.72,1474476.98,3.23
205,2023-07-06,Ekaterinburg,Ekaterinburg,Grain,5696.15,536.05,152671.06,7.12
206,2023-04-23,Vladivostok,Saint Petersburg,Grain,8382.75,4959.31,2078632.8,0.57
207,2023-01-02,Moscow,Kazan,Metal,6258.39,2750.91,860813.38,3.28
208,2023-05-10,Moscow,Kazan,Containers,3265.87,4925.74,804341.32,0.0
209,2023-08-08,Vladivostok,Ekaterinburg,Coal,2467.4,4701.08,579972.24,0.0
210,2023-02-23,Kazan,Ekaterinburg,Containers,1947.11,2318.79,225746.96,6.28
211,2023-12-09,Ekaterinburg,Saint Petersburg,Metal,9044.82,1072.61,485078.22,0.0
212,2023-08-12,Saint Petersburg,Saint Petersburg,Grain,7246.29,907.94,328959.83,2.8
213,2023-08-13,Novosibirsk,Ekaterinburg,Metal,9405.1,1275.95,600021.87,0.0
214,2023-05-06,Saint Petersburg,Moscow,Containers,6231.27,3579.65,1115288.28,1.45
215,2023-05-10,Vladivostok,Kazan,Coal,4997.31,1437.45,359169.16,0.0
216,2023-02-22,Moscow,Vladivostok,Metal,1067.31,1772.98,94615.96,0.0
217,2023-06-21,Moscow,Saint Petersburg,Coal,6880.6,2299.02,790931.85,3.93
218,2023-08-06,Novosibirsk,Saint Petersburg,Metal,6030.98,4574.84,1379538.43,1.75
219,2023-06-09,Moscow,Ekaterinburg,Coal,9906.98,1028.03,509233.63,5.06
220,2023-07-17,Moscow,Novosibirsk,Coal,2772.01,124.63,17273.78,5.97
221,2023-09-04,Novosibirsk,Vladivostok,Grain,5542.0,394.47,109307.64,8.13
222,2023-11-20,Ekaterinburg,Vladivostok,Coal,6684.09,4533.36,1515069.31,2.67
223,2023-07-22,Ekaterinburg,Saint Petersburg,Grain,6623.62,3272.83,1083899.11,8.34
224,2023-07-03,Novosibirsk,Moscow,Containers,5832.29,1437.9,419312.49,0.0
225,2023-05-03,Vladivostok,Novosibirsk,Containers,7880.82,968.24,381526.26,6.54
226,2023-09-12,Moscow,Vladivostok,Grain,2447.32,1541.91,188677.36,4.3
227,2023-10-21,Moscow,Saint Petersburg,Grain,7393.46,662.5,244908.36,3.17
228,2023-10-07,Vladivostok,Vladivostok,Metal,6387.48,4713.51,1505372.54,4.22
229,2023-11-21,Ekaterinburg,Novosibirsk,Metal,9012.71,3942.61,1776680.03,0.0
230,2023-04-08,Kazan,Novosibirsk,Metal,8548.35,2365.72,1011150.13,0.0
231,2023-07-17,Kazan,Kazan,Containers,3493.9,4338.32,757882.81,10.55
232,2023-08-28,Kazan,Ekaterinburg,Metal,3124.25,1322.35,206567.6,1.16
233,2023-05-24,Ekaterinburg,Ekaterinburg,Coal,9825.71,3613.89,1775451.76,1.09
234,2023-04-07,Ekaterinburg,Saint Petersburg,Coal,5509.02,4295.05,1183075.82,0.0
235,2023-07-20,Vladivostok,Novosibirsk,Metal,9111.0,1848.17,841933.84,0.0
236,2023-05-04,Moscow,Kazan,Coal,2056.87,3811.58,391996.23,1.56
237,2023-07-06,Vladivostok,Kazan,Containers,6606.78,1545.85,510654.54,0.29
238,2023-11-22,Vladivostok,Vladivostok,Coal,8193.67,1564.4,640908.87,2.01
239,2023-12-15,Ekaterinburg,Vladivostok,Containers,9500.25,624.58,296683.31,2.44
240,2023-09-16,Kazan,Kazan,Grain,3704.73,2256.28,417945.41,14.45
241,2023-05-28,Saint Petersburg,Vladivostok,Grain,7387.32,3675.59,1357637.98,0.31
242,2023-09-09,Moscow,Novosibirsk,Grain,5618.72,4707.08,1322388.23,9.9
243,2023-12-12,Ekaterinburg,Moscow,Grain,1075.97,3058.61,164548.63,10.21
244,2023-05-27,Kazan,Novosibirsk,Coal,7055.0,4329.36,1527181.74,5.77
245,2023-05-28,Saint Petersburg,Kazan,Metal,7055.92,4130.22,1457125.1,0.82
246,2023-12-18,Saint Petersburg,Kazan,Coal,9340.76,949.38,443396.54,0.0
247,2023-07-18,Ekaterinburg,Novosibirsk,Containers,5224.47,2480.51,647967.5,4.39
248,2023-11-04,Novosibirsk,Vladivostok,Coal,2687.38,672.93,90420.93,7.09
249,2023-05-08,Moscow,Vladivostok,Coal,923.36,3442.55,158935.65,10.74
250,2023-02-08,Saint Petersburg,Ekaterinburg,Containers,4448.6,4754.51,1057545.66,0.0
251,2023-12-04,Ekaterinburg,Kazan,Grain,3368.21,771.74,129969.12,0.78
252,2023-12-26,Ekaterinburg,Saint Petersburg,Grain,7730.34,3696.03,1428578.43,0.0
253,2023-05-09,Kazan,Ekaterinburg,Grain,3865.54,3197.97,618094.05,0.0
254,2023-09-24,Novosibirsk,Vladivostok,Metal,9516.18,2959.66,1408232.86,5.32
255,2023-05-31,Moscow,Novosibirsk,Containers,9641.95,2011.59,969782.51,0.0
256,2023-10-25,Vladivostok,Vladivostok,Containers,6398.63,1840.15,588721.95,0.0
257,2023-04-09,Kazan,Novosibirsk,Coal,9322.27,321.72,149958.04,5.98
258,2023-09-20,Saint Petersburg,Ekaterinburg,Metal,7728.12,1167.75,451225.61,4.25
259,2023-09-09,Saint Petersburg,Kazan,Grain,5695.17,174.37,49653.34,3.75
260,2023-05-24,Kazan,Vladivostok,Metal,2212.93,2948.94,326289.89,0.0
261,2023-12-12,Ekaterinburg,Novosibirsk,Containers,4856.68,618.68,150236.54,8.47
262,2023-04-22,Saint Petersburg,Kazan,Containers,5828.31,4377.8,1275758.78,2.07
263,2023-03-01,Novosibirsk,Saint Petersburg,Coal,8707.64,2663.4,1159596.42,13.9
264,2023-01-02,Moscow,Novosibirsk,Coal,5072.67,3528.48,894940.73,2.81
265,2023-10-31,Novosibirsk,Ekaterinburg,Containers,9027.91,2113.2,953888.97,0.0
266,2023-09-11,Saint Petersburg,Saint Petersburg,Grain,6906.32,2846.84,983059.4,0.0
267,2023-05-20,Vladivostok,Saint Petersburg,Grain,1801.49,4719.03,425064.27,5.12
268,2023-02-06,Moscow,Moscow,Metal,9952.32,505.4,251495.13,8.5
269,2023-06-09,Moscow,Vladivostok,Containers,5508.71,1344.3,370267.94,0.0
270,2023-01-09,Kazan,Novosibirsk,Containers,4222.65,3921.94,828049.0,12.5
271,2023-08-21,Kazan,Saint Petersburg,Grain,6761.58,583.81,197373.9,10.31
272,2023-04-09,Vladivostok,Moscow,Grain,1534.49,470.74,36117.29,3.05
273,2023-05-27,Ekaterinburg,Ekaterinburg,Containers,6547.12,1871.55,612663.12,4.7
274,2023-10-31,Moscow,Kazan,Coal,5233.24,551.62,144337.99,6.47
275,2023-07-27,Vladivostok,Novosibirsk,Containers,4363.4,2966.88,647284.21,11.45
276,2023-05-11,Kazan,Saint Petersburg,Containers,9553.69,1208.75,577401.14,5.41
277,2023-06-01,Kazan,Vladivostok,Grain,5464.13,4488.92,1226402.12,2.94
278,2023-02-23,Moscow,Moscow,Grain,2581.62,3939.15,508469.42,5.36
279,2023-04-30,Novosibirsk,Saint Petersburg,Coal,4860.15,3528.56,857466.54,4.69
280,2023-06-10,Saint Petersburg,Vladivostok,Coal,9234.18,3123.03,1441931.06,6.62
281,2023-04-26,Kazan,Saint Petersburg,Metal,2172.91,4330.98,470541.49,0.0
282,2023-03-16,Ekaterinburg,Novosibirsk,Containers,2532.59,1193.0,151068.99,3.58
283,2023-04-23,Ekaterinburg,Novosibirsk,Grain,623.78,4378.23,136552.62,4.3
284,2023-04-14,Kazan,Novosibirsk,Coal,634.81,3968.51,125962.49,1.64
285,2023-12-06,Novosibirsk,Ekaterinburg,Metal,8379.22,3765.99,1577802.94,5.92
286,2023-09-11,Novosibirsk,Ekaterinburg,Metal,7455.16,2850.15,1062416.21,11.61
287,2023-08-15,Vladivostok,Moscow,Grain,3872.89,1306.6,253015.9,2.69
288,2023-04-22,Ekaterinburg,Novosibirsk,Grain,7133.96,2175.38,775953.7,5.46
289,2023-04-09,Vladivostok,Vladivostok,Metal,4254.46,3988.5,848445.69,10.03
290,2023-06-02,Ekaterinburg,Saint Petersburg,Coal,9552.52,255.71,122133.74,2.81
291,2023-12-15,Saint Petersburg,Kazan,Metal,9687.0,3932.05,1904488.42,0.0
292,2023-12-04,Saint Petersburg,Vladivostok,Containers,4231.54,1276.35,270046.3,5.08
293,2023-07-13,Moscow,Ekaterinburg,Containers,8615.11,807.12,347671.38,0.0
294,2023-11-06,Vladivostok,Ekaterinburg,Grain,7844.35,666.94,261585.54,0.0
295,2023-06-12,Kazan,Vladivostok,Coal,3445.0,233.53,40225.54,3.67
296,2023-07-27,Vladivostok,Ekaterinburg,Coal,2704.38,2665.57,360435.71,0.0
297,2023-06-18,Kazan,Novosibirsk,Containers,4853.23,1169.47,283785.34,0.0
298,2023-06-10,Novosibirsk,Moscow,Metal,7922.81,4948.22,1960190.34,0.1
299,2023-03-09,Vladivostok,Saint Petersburg,Grain,9621.59,2914.74,1402221.66,0.0
300,2023-10-16,Novosibirsk,Moscow,Metal,7754.0,775.64,300715.63,1.26
301,2023-10-04,Saint Petersburg,Saint Petersburg,Metal,8624.47,3474.94,1498475.79,7.56
302,2023-10-31,Saint Petersburg,Saint Petersburg,Metal,6229.11,4498.94,1401219.61,3.19
303,2023-05-15,Moscow,Moscow,Coal,8436.37,3751.38,1582401.48,0.0
304,2023-07-14,Vladivostok,Vladivostok,Containers,7952.0,474.56,188685.06,8.77
305,2023-05-08,Novosibirsk,Saint Petersburg,Coal,4081.36,4489.83,916230.63,0.0
306,2023-02-02,Kazan,Moscow,Containers,5743.91,3990.25,1145981.84,3.11
307,2023-06-25,Saint Petersburg,Saint Petersburg,Grain,8145.15,875.69,356631.32,0.0
308,2023-01-22,Saint Petersburg,Kazan,Grain,937.54,353.75,16582.74,3.26
309,2023-08-26,Kazan,Vladivostok,Metal,8176.75,2830.82,1157345.37,0.41
310,2023-06-07,Novosibirsk,Novosibirsk,Containers,2189.94,864.58,94668.92,7.41
311,2023-02-07,Novosibirsk,Saint Petersburg,Containers,5389.49,4189.5,1128963.42,5.6
312,2023-08-18,Vladivostok,Kazan,Containers,8178.62,1855.84,758910.51,0.0
313,2023-12-31,Vladivostok,Novosibirsk,Metal,2911.3,4573.17,665693.49,0.0
314,2023-02-20,Ekaterinburg,Novosibirsk,Metal,2835.17,2871.87,407111.98,0.42
315,2023-09-21,Ekaterinburg,Saint Petersburg,Grain,4326.26,995.09,215250.9,11.38
316,2023-10-10,Moscow,Moscow,Coal,8999.11,784.03,352778.61,10.1
317,2023-01-27,Saint Petersburg,Saint Petersburg,Containers,504.21,2924.71,73733.4,0.0
318,2023-08-14,Vladivostok,Kazan,Containers,9063.14,3833.23,1737055.01,6.0
319,2023-10-04,Novosibirsk,Novosibirsk,Coal,1961.17,3929.38,385309.11,0.0
320,2023-10-13,Kazan,Saint Petersburg,Containers,9905.82,1451.21,718771.25,0.0
321,2023-04-07,Novosibirsk,Moscow,Metal,9571.05,1100.81,526795.38,0.0
322,2023-10-11,Saint Petersburg,Saint Petersburg,Metal,5199.41,182.11,47343.23,7.35
323,2023-11-13,Ekaterinburg,Vladivostok,Containers,5370.84,3428.08,920583.46,0.0
324,2023-10-31,Novosibirsk,Moscow,Metal,5074.72,475.18,120570.27,4.15
325,2023-05-27,Moscow,Kazan,Metal,6536.71,2161.73,706530.11,2.0
326,2023-01-04,Saint Petersburg,Novosibirsk,Containers,1361.86,3048.24,207563.81,1.12
327,2023-02-04,Ekaterinburg,Saint Petersburg,Grain,809.87,4691.83,189988.62,10.36
328,2023-07-11,Kazan,Moscow,Coal,1048.18,1627.83,85312.94,10.8
329,2023-02-18,Ekaterinburg,Vladivostok,Metal,4721.47,1323.88,312532.99,1.28
330,2023-01-17,Moscow,Moscow,Grain,3117.71,3305.38,515260.81,0.27
331,2023-06-21,Saint Petersburg,Ekaterinburg,Metal,6409.38,3134.27,1004436.37,0.0
332,2023-08-08,Kazan,Vladivostok,Metal,9928.2,1727.34,857468.85,1.98
333,2023-06-07,Moscow,Kazan,Coal,4170.07,4647.7,969061.72,11.77
334,2023-02-15,Ekaterinburg,Novosibirsk,Metal,5951.49,4239.83,1261665.29,1.36
335,2023-01-06,Moscow,Kazan,Coal,4448.24,1197.51,266340.59,5.64
336,2023-04-09,Saint Petersburg,Saint Petersburg,Coal,8549.08,1271.8,543636.0,0.0
337,2023-08-21,Vladivostok,Moscow,Coal,9071.25,2610.27,1183920.59,0.0
338,2023-02-06,Moscow,Ekaterinburg,Grain,8834.88,3890.5,1718605.03,4.31
339,2023-10-07,Moscow,Vladivostok,Containers,9756.54,315.8,154055.77,2.53
340,2023-12-15,Ekaterinburg,Vladivostok,Grain,761.43,3497.34,133148.98,6.12
341,2023-10-29,Ekaterinburg,Moscow,Containers,8478.25,3276.36,1388889.96,0.0
342,2023-06-30,Kazan,Ekaterinburg,Containers,7641.84,1234.25,471597.05,0.0
343,2023-04-05,Ekaterinburg,Moscow,Coal,2672.6,3438.63,459504.13,7.61
344,2023-04-09,Novosibirsk,Saint Petersburg,Metal,9585.04,4706.9,2255791.24,0.0
345,2023-07-07,Saint Petersburg,Kazan,Coal,1907.69,329.25,31405.35,4.53
346,2023-04-26,Saint Petersburg,Vladivostok,Metal,6955.72,1666.3,579515.81,4.25
347,2023-07-10,Vladivostok,Saint Petersburg,Containers,2636.46,2247.07,296215.51,0.0
348,2023-09-10,Vladivostok,Kazan,Coal,4598.12,4506.38,1036043.8,7.25
349,2023-06-10,Saint Petersburg,Saint Petersburg,Metal,7332.02,4815.08,1765213.14,0.0
350,2023-09-13,Vladivostok,Ekaterinburg,Grain,5851.58,2276.16,665956.62,2.28
351,2023-11-19,Kazan,Vladivostok,Metal,4561.27,3775.14,860971.64,0.21
352,2023-05-08,Ekaterinburg,Moscow,Coal,3600.22,2705.14,486954.96,10.11
353,2023-01-18,Saint Petersburg,Moscow,Grain,8476.77,2735.14,1159257.63,8.72
354,2023-10-08,Vladivostok,Kazan,Metal,1866.24,1462.69,136486.53,0.0
355,2023-08-11,Saint Petersburg,Novosibirsk,Metal,4585.98,1163.09,266695.37,13.29
356,2023-02-23,Novosibirsk,Ekaterinburg,Metal,9085.7,1511.23,686529.12,0.0
357,2023-02-27,Moscow,Kazan,Metal,8535.57,2826.01,1206080.31,12.51
358,2023-11-19,Ekaterinburg,Novosibirsk,Metal,4308.95,242.86,52323.58,0.72
359,2023-12-26,Saint Petersburg,Saint Petersburg,Grain,7749.53,4545.52,1761282.18,0.3
360,2023-06-23,Moscow,Ekaterinburg,Containers,8320.03,865.79,360169.94,0.76
361,2023-10-07,Vladivostok,Saint Petersburg,Grain,8944.43,1178.43,527019.23,-0.0
362,2023-04-24,Moscow,Vladivostok,Grain,5672.8,2639.55,748681.96,14.62
363,2023-10-15,Ekaterinburg,Ekaterinburg,Grain,2442.38,3579.56,437132.29,1.62
364,2023-12-08,Saint Petersburg,Novosibirsk,Containers,2925.44,569.07,83239.01,0.49
365,2023-05-31,Novosibirsk,Vladivostok,Coal,3309.1,1656.7,274109.3,2.39
366,2023-05-07,Vladivostok,Moscow,Containers,6141.12,4846.51,1488149.97,0.0
367,2023-06-04,Saint Petersburg,Novosibirsk,Grain,811.69,1385.48,56229.01,9.99
368,2023-09-30,Ekaterinburg,Kazan,Metal,6542.4,1633.95,534497.72,0.0
369,2023-04-14,Vladivostok,Moscow,Metal,3961.37,4198.84,831657.94,0.0
370,2023-10-26,Kazan,Moscow,Grain,3304.8,346.05,57181.3,6.68
371,2023-09-03,Moscow,Kazan,Metal,8855.22,2376.6,1052265.79,2.21
372,2023-06-25,Ekaterinburg,Ekaterinburg,Grain,4870.02,1960.12,477291.18,4.75
373,2023-02-08,Kazan,Moscow,Metal,1403.0,1651.28,115837.29,9.67
374,2023-06-19,Saint Petersburg,Novosibirsk,Containers,8354.09,1499.93,626527.51,7.02
375,2023-09-04,Novosibirsk,Vladivostok,Coal,952.59,547.73,26088.11,2.69
376,2023-01-26,Vladivostok,Moscow,Coal,7404.12,1642.65,608118.89,12.45
377,2023-12-21,Moscow,Novosibirsk,Containers,7852.11,310.96,122084.61,0.0
378,2023-11-02,Vladivostok,Saint Petersburg,Containers,3849.72,3926.72,755838.63,1.5
379,2023-01-13,Saint Petersburg,Novosibirsk,Grain,8335.48,2051.32,854936.84,1.85
380,2023-11-12,Vladivostok,Vladivostok,Grain,5398.76,2275.13,614144.04,1.49
381,2023-11-09,Moscow,Novosibirsk,Grain,4901.29,4478.61,1097548.32,0.0
382,2023-02-05,Saint Petersburg,Kazan,Metal,931.33,3324.47,154808.93,0.0
383,2023-06-22,Vladivostok,Vladivostok,Grain,3255.28,139.49,22703.95,4.09
384,2023-01-20,Novosibirsk,Ekaterinburg,Containers,9344.59,4721.56,2206052.12,0.0
385,2023-11-17,Ekaterinburg,Saint Petersburg,Coal,4222.33,1262.01,266431.13,11.54
386,2023-09-21,Saint Petersburg,Kazan,Metal,5693.65,627.31,178584.18,1.64
387,2023-05-22,Ekaterinburg,Ekaterinburg,Grain,5554.21,3863.83,1073026.16,0.74
388,2023-05-23,Saint Petersburg,Novosibirsk,Metal,6109.1,2552.34,779625.01,7.47
389,2023-04-02,Novosibirsk,Vladivostok,Metal,1082.64,2225.48,120469.68,4.01
390,2023-12-20,Ekaterinburg,Saint Petersburg,Grain,3940.67,1322.57,260590.6,1.12
391,2023-11-18,Kazan,Kazan,Metal,7369.72,2782.61,1025352.83,0.0
392,2023-10-15,Moscow,Ekaterinburg,Coal,2405.32,1444.48,173721.83,20.29
393,2023-08-03,Kazan,Ekaterinburg,Containers,2433.99,4517.76,549809.13,3.81
394,2023-12-08,Vladivostok,Saint Petersburg,Containers,595.86,1154.5,34396.02,7.42
395,2023-02-20,Novosibirsk,Novosibirsk,Coal,4656.08,4433.34,1032099.29,0.0
396,2023-06-02,Kazan,Saint Petersburg,Metal,8885.98,2841.09,1262293.45,0.0
397,2023-07-05,Saint Petersburg,Ekaterinburg,Grain,993.06,4159.59,206536.12,12.56
398,2023-03-04,Vladivostok,Moscow,Metal,2315.63,3592.95,415997.14,8.98
399,2023-07-09,Vladivostok,Kazan,Coal,3445.8,3513.81,605394.32,4.29
400,2023-05-05,Kazan,Saint Petersburg,Metal,7451.38,1689.29,629377.09,0.09
401,2023-05-30,Kazan,Ekaterinburg,Containers,6586.04,1246.09,410339.93,0.83
402,2023-11-10,Novosibirsk,Novosibirsk,Metal,4451.47,1133.34,252251.45,0.0
403,2023-02-27,Moscow,Ekaterinburg,Coal,7711.15,4300.24,1657989.78,0.0
404,2023-12-08,Kazan,Novosibirsk,Containers,6291.49,4120.09,1296075.25,6.62
405,2023-11-01,Kazan,Saint Petersburg,Metal,9012.39,2258.81,1017863.83,4.69
406,2023-06-29,Ekaterinburg,Novosibirsk,Metal,8271.25,748.78,309667.33,5.68
407,2023-06-19,Saint Petersburg,Vladivostok,Containers,2901.73,1973.04,286261.47,0.32
408,2023-11-22,Ekaterinburg,Vladivostok,Grain,3078.67,3134.78,482547.66,3.28
409,2023-09-28,Ekaterinburg,Vladivostok,Containers,1690.89,2326.58,196699.54,0.0
410,2023-02-23,Vladivostok,Moscow,Grain,3701.16,3922.93,725969.58,0.0
411,2023-04-11,Moscow,Saint Petersburg,Coal,9995.67,4988.35,2493095.02,10.34
412,2023-09-21,Saint Petersburg,Ekaterinburg,Coal,4354.64,1036.55,225690.1,2.61
413,2023-02-22,Novosibirsk,Ekaterinburg,Containers,2594.64,2352.29,305167.29,4.54
414,2023-03-01,Novosibirsk,Moscow,Containers,7743.59,2211.82,856371.36,6.18
415,2023-04-18,Kazan,Novosibirsk,Coal,5653.47,1592.01,450019.04,2.67
416,2023-01-05,Kazan,Moscow,Grain,1921.21,1070.67,102849.1,3.2
417,2023-04-13,Novosibirsk,Novosibirsk,Coal,4116.55,421.89,86836.56,0.0
418,2023-07-15,Kazan,Novosibirsk,Containers,4437.46,4446.88,986642.61,0.0
419,2023-09-19,Moscow,Kazan,Coal,7661.38,2157.26,826379.43,0.0
420,2023-12-31,Ekaterinburg,Ekaterinburg,Containers,696.38,2534.79,88258.85,5.03
421,2023-12-16,Kazan,Vladivostok,Containers,3055.69,4593.02,701742.26,2.35
422,2023-02-16,Vladivostok,Novosibirsk,Coal,5417.16,3903.82,1057380.88,0.0
423,2023-12-21,Kazan,Kazan,Grain,3054.04,739.46,112917.02,4.9
424,2023-11-07,Saint Petersburg,Ekaterinburg,Metal,6470.12,2870.56,928643.38,4.72
425,2023-11-04,Moscow,Vladivostok,Coal,5077.74,2267.04,575571.98,0.0
426,2023-05-24,Saint Petersburg,Novosibirsk,Metal,3936.25,4006.33,788495.82,1.86
427,2023-09-26,Saint Petersburg,Novosibirsk,Coal,9517.48,3648.74,1736340.5,4.74
428,2023-05-04,Vladivostok,Moscow,Metal,6505.52,3482.99,1132933.06,0.0
429,2023-04-16,Moscow,Moscow,Grain,1734.44,1768.67,153382.6,4.83
430,2023-06-07,Moscow,Ekaterinburg,Grain,5820.87,4044.32,1177073.05,3.51
431,2023-05-27,Moscow,Vladivostok,Coal,7916.95,356.72,141206.72,0.0
432,2023-05-25,Moscow,Novosibirsk,Containers,7230.65,882.16,318929.51,3.1
433,2023-04-30,Moscow,Ekaterinburg,Metal,2134.85,1744.55,186217.63,3.83
434,2023-11-15,Vladivostok,Ekaterinburg,Containers,9737.99,476.36,231939.45,0.0
435,2023-10-02,Kazan,Saint Petersburg,Containers,4763.73,1251.47,298083.26,0.0
436,2023-04-02,Saint Petersburg,Moscow,Containers,2010.74,4167.74,419012.08,0.0
437,2023-02-27,Moscow,Vladivostok,Grain,2211.86,4746.43,524921.93,0.0
438,2023-12-12,Kazan,Novosibirsk,Coal,1433.23,1592.55,114124.52,1.94
439,2023-08-17,Kazan,Ekaterinburg,Coal,8133.42,1396.13,567765.58,0.0
440,2023-04-27,Saint Petersburg,Novosibirsk,Grain,1659.29,1471.47,122079.77,0.0
441,2023-11-14,Vladivostok,Saint Petersburg,Grain,1688.69,1460.82,123343.61,0.0
442,2023-10-06,Novosibirsk,Vladivostok,Coal,8579.48,276.06,118422.56,0.0
443,2023-05-07,Novosibirsk,Ekaterinburg,Containers,3773.74,4641.89,875864.3,6.08
444,2023-05-09,Kazan,Novosibirsk,Metal,793.15,1147.12,45491.91,4.97
445,2023-02-27,Ekaterinburg,Moscow,Metal,993.01,2158.02,107146.77,6.18
446,2023-05-02,Ekaterinburg,Saint Petersburg,Metal,1850.62,147.47,13645.55,0.0
447,2023-01-01,Saint Petersburg,Vladivostok,Containers,2527.24,4303.98,543859.52,2.71
448,2023-08-27,Novosibirsk,Saint Petersburg,Coal,6818.89,3682.67,1255586.08,0.0
449,2023-10-17,Kazan,Moscow,Grain,1994.6,4739.1,472630.44,4.14
450,2023-04-06,Vladivostok,Vladivostok,Coal,1629.31,3929.92,320152.9,5.05
451,2023-05-06,Novosibirsk,Saint Petersburg,Containers,7764.83,1637.16,635613.45,0.24
452,2023-04-28,Kazan,Kazan,Grain,6875.03,1314.58,451888.85,3.48
453,2023-02-17,Kazan,Moscow,Containers,4635.58,3518.81,815586.26,0.0
454,2023-03-30,Moscow,Moscow,Metal,5718.44,1884.15,538719.94,0.0
455,2023-08-25,Vladivostok,Moscow,Metal,3463.85,2874.45,497833.18,5.83
456,2023-09-29,Moscow,Kazan,Containers,5083.75,130.66,33212.14,4.56
457,2023-07-08,Saint Petersburg,Kazan,Grain,5313.39,403.24,107128.57,0.0
458,2023-07-11,Moscow,Novosibirsk,Grain,4178.75,2723.3,568999.49,6.06
459,2023-03-10,Moscow,Ekaterinburg,Coal,9112.44,2873.75,1309343.72,2.69
460,2023-10-05,Novosibirsk,Saint Petersburg,Metal,652.59,3782.12,123408.68,0.0
461,2023-12-15,Ekaterinburg,Novosibirsk,Coal,7930.63,746.63,296062.31,1.09
462,2023-09-04,Kazan,Saint Petersburg,Coal,1681.64,2614.6,219840.8,0.0
463,2023-03-17,Vladivostok,Ekaterinburg,Containers,8076.7,1052.79,425153.45,0.0
464,2023-06-03,Moscow,Kazan,Containers,6351.16,556.66,176771.84,8.28
465,2023-05-24,Vladivostok,Ekaterinburg,Coal,8511.14,2111.43,898533.82,0.0
466,2023-03-27,Ekaterinburg,Kazan,Metal,1426.39,900.35,64212.51,0.0
467,2023-07-04,Ekaterinburg,Ekaterinburg,Containers,5810.32,1186.73,344764.05,0.0
468,2023-10-12,Moscow,Novosibirsk,Coal,5260.33,1656.02,435560.58,0.0
469,2023-08-08,Saint Petersburg,Vladivostok,Coal,7208.84,1371.0,494165.98,5.51
470,2023-03-10,Moscow,Novosibirsk,Coal,5575.76,529.2,147534.61,5.97
471,2023-02-16,Novosibirsk,Saint Petersburg,Coal,5636.98,540.59,152364.75,7.97
472,2023-04-04,Kazan,Novosibirsk,Coal,4581.16,1046.92,239805.4,1.25
473,2023-08-26,Saint Petersburg,Moscow,Coal,3433.93,347.74,59705.74,0.39
474,2023-07-23,Moscow,Saint Petersburg,Containers,5081.51,3169.64,805327.87,0.0
475,2023-08-06,Vladivostok,Ekaterinburg,Metal,1625.68,1507.9,122568.14,0.0
476,2023-12-07,Saint Petersburg,Saint Petersburg,Coal,9634.38,1470.76,708493.04,7.6
477,2023-02-08,Saint Petersburg,Vladivostok,Grain,7286.9,1726.79,629147.3,1.87
478,2023-04-10,Moscow,Kazan,Containers,9548.44,3347.7,1598265.63,3.89
479,2023-10-16,Saint Petersburg,Ekaterinburg,Containers,2653.91,4366.11,579363.15,0.0
480,2023-09-11,Vladivostok,Saint Petersburg,Coal,8853.74,3819.53,1690856.28,8.6
481,2023-08-10,Ekaterinburg,Ekaterinburg,Containers,8183.5,3664.89,1499581.37,0.0
482,2023-12-23,Saint Petersburg,Ekaterinburg,Coal,6932.95,2473.52,857439.52,0.0
483,2023-01-23,Ekaterinburg,Ekaterinburg,Metal,6437.78,3499.65,1126498.84,3.9
484,2023-09-07,Vladivostok,Kazan,Metal,3507.22,2808.54,492508.38,10.75
485,2023-01-10,Moscow,Novosibirsk,Containers,8255.9,1159.63,478689.47,0.87
486,2023-09-03,Kazan,Ekaterinburg,Containers,5264.4,1122.08,295353.9,0.0
487,2023-11-21,Saint Petersburg,Moscow,Grain,1173.47,1552.32,91080.05,7.0
488,2023-04-10,Kazan,Vladivostok,Containers,3472.2,4562.93,792170.28,3.62
489,2023-10-17,Vladivostok,Kazan,Grain,9385.32,2782.33,1305652.87,8.45
490,2023-06-29,Saint Petersburg,Saint Petersburg,Metal,8581.46,3696.14,1585913.88,0.0
491,2023-08-11,Ekaterinburg,Kazan,Metal,9828.1,1798.14,883614.99,8.06
492,2023-09-07,Novosibirsk,Saint Petersburg,Coal,6465.94,2097.81,678215.68,0.0
493,2023-05-27,Kazan,Kazan,Metal,2851.35,715.27,101974.26,0.56
494,2023-04-06,Saint Petersburg,Saint Petersburg,Grain,2046.74,939.35,96130.26,4.06
495,2023-09-14,Kazan,Ekaterinburg,Containers,2275.69,4154.05,472666.5,2.93
496,2023-11-21,Saint Petersburg,Novosibirsk,Coal,688.06,2965.71,102029.32,7.3
497,2023-01-04,Moscow,Saint Petersburg,Grain,4211.48,1753.91,369327.84,0.0
498,2023-01-16,Ekaterinburg,Saint Petersburg,Containers,2318.56,4033.97,467650.07,2.71
499,2023-10-07,Kazan,Moscow,Coal,4410.73,1307.95,288450.72,8.0
500,2023-12-02,Novosibirsk,Saint Petersburg,Metal,9382.45,4882.56,2290518.75,2.3
501,2023-09-04,Novosibirsk,Moscow,Grain,4590.13,1789.61,410727.13,0.0
502,2023-09-15,Vladivostok,Vladivostok,Containers,8840.85,1752.82,774820.93,7.04
503,2023-06-09,Saint Petersburg,Ekaterinburg,Coal,6252.3,1628.37,509052.89,0.0
504,2023-12-06,Kazan,Moscow,Coal,2847.75,698.35,99436.31,0.0
505,2023-06-01,Vladivostok,Novosibirsk,Metal,3880.62,644.57,125066.56,0.0
506,2023-06-27,Kazan,Ekaterinburg,Containers,1297.24,3275.71,212469.1,1.01
507,2023-06-12,Saint Petersburg,Moscow,Metal,3667.89,4388.08,804749.74,2.92
508,2023-02-02,Novosibirsk,Ekaterinburg,Metal,6936.64,3973.55,1378154.29,0.0
509,2023-06-28,Moscow,Ekaterinburg,Containers,1185.06,791.43,46894.6,0.0
510,2023-04-11,Novosibirsk,Ekaterinburg,Containers,2451.31,2773.35,339917.03,0.0
511,2023-09-25,Vladivostok,Vladivostok,Containers,4123.69,617.4,127298.31,0.0
512,2023-11-19,Ekaterinburg,Novosibirsk,Grain,9829.47,321.94,158224.98,2.18
513,2023-03-06,Moscow,Kazan,Containers,7956.19,3316.29,1319251.67,3.81
514,2023-06-17,Vladivostok,Kazan,Coal,7468.12,2722.25,1016504.48,3.12
515,2023-11-26,Saint Petersburg,Moscow,Metal,1603.81,501.92,40249.22,3.13
516,2023-02-12,Moscow,Ekaterinburg,Grain,7919.46,271.2,107387.88,10.35
517,2023-02-13,Vladivostok,Moscow,Containers,7960.05,4949.81,1970036.75,4.12
518,2023-10-12,Saint Petersburg,Vladivostok,Grain,6210.48,247.1,76730.48,5.92
519,2023-01-12,Novosibirsk,Vladivostok,Containers,9908.44,2278.19,1128665.45,0.0
520,2023-04-05,Ekaterinburg,Saint Petersburg,Grain,3589.91,2572.63,461775.51,6.72
521,2023-10-29,Saint Petersburg,Vladivostok,Metal,9442.09,674.67,318514.74,0.0
522,2023-09-10,Kazan,Saint Petersburg,Metal,9189.95,928.4,426597.48,4.06
523,2023-08-30,Saint Petersburg,Novosibirsk,Coal,609.07,1823.84,55542.31,0.0
524,2023-02-04,Saint Petersburg,Moscow,Coal,4776.11,3832.21,915152.83,2.83
525,2023-08-03,Ekaterinburg,Novosibirsk,Containers,9782.49,2584.7,1264240.1,0.0
526,2023-12-03,Kazan,Vladivostok,Metal,1479.65,3225.72,238646.83,6.68
527,2023-03-31,Vladivostok,Novosibirsk,Grain,5703.95,4927.36,1405270.75,6.38
528,2023-09-21,Vladivostok,Novosibirsk,Grain,9800.1,3863.23,1893002.02,0.0
529,2023-04-03,Saint Petersburg,Novosibirsk,Grain,5777.21,2228.37,643688.07,12.25
530,2023-03-31,Kazan,Vladivostok,Coal,2303.25,2287.57,263442.28,0.57
531,2023-04-25,Kazan,Ekaterinburg,Grain,6030.74,3131.98,944407.85,0.0
532,2023-04-15,Ekaterinburg,Novosibirsk,Coal,2442.19,3360.29,410323.33,0.0
533,2023-07-15,Novosibirsk,Saint Petersburg,Coal,5437.19,2553.48,694187.8,0.0
534,2023-11-10,Vladivostok,Vladivostok,Containers,1203.4,3259.82,196143.37,3.9
535,2023-04-24,Ekaterinburg,Novosibirsk,Grain,6252.09,215.31,67306.87,0.0
536,2023-03-16,Moscow,Ekaterinburg,Grain,5409.5,2205.15,596437.95,0.0
537,2023-08-05,Vladivostok,Vladivostok,Metal,7531.53,1466.8,552362.41,3.57
538,2023-10-04,Ekaterinburg,Kazan,Containers,6491.65,732.95,237902.74,2.69
539,2023-09-06,Vladivostok,Ekaterinburg,Metal,5721.26,587.78,168142.11,1.94
540,2023-06-13,Novosibirsk,Saint Petersburg,Containers,7052.9,3055.64,1077556.17,2.63
541,2023-12-23,Moscow,Novosibirsk,Grain,1867.45,2665.64,248897.47,0.15
542,2023-07-11,Novosibirsk,Kazan,Coal,6155.92,1342.56,413234.6,0.0
543,2023-08-15,Moscow,Kazan,Coal,2135.05,2407.66,257023.72,0.02
544,2023-06-26,Saint Petersburg,Vladivostok,Coal,9292.46,2511.94,1167105.1,4.34
545,2023-04-09,Ekaterinburg,Kazan,Coal,1149.17,1055.54,60649.75,1.32
546,2023-02-05,Moscow,Saint Petersburg,Coal,4588.56,3295.26,756024.91,3.96
547,2023-04-06,Novosibirsk,Saint Petersburg,Metal,7110.08,3926.5,1395886.46,0.0
548,2023-06-01,Vladivostok,Moscow,Containers,4851.21,3978.17,964946.9,6.97
549,2023-05-31,Moscow,Saint Petersburg,Grain,1374.9,3052.1,209816.61,0.0
550,2023-07-09,Ekaterinburg,Ekaterinburg,Metal,5757.1,2607.03,750446.62,2.71
551,2023-08-12,Moscow,Kazan,Containers,6595.5,398.94,131560.44,8.74
552,2023-02-06,Kazan,Saint Petersburg,Coal,7186.03,1510.37,542678.21,9.49
553,2023-09-25,Vladivostok,Vladivostok,Containers,4045.97,557.03,112686.33,0.84
554,2023-07-02,Ekaterinburg,Moscow,Containers,5854.77,4822.73,1411798.75,0.0
555,2023-01-13,Ekaterinburg,Kazan,Coal,4781.52,761.89,182149.61,8.83
556,2023-10-06,Saint Petersburg,Moscow,Coal,6884.53,843.7,290423.9,1.74
557,2023-08-05,Novosibirsk,Kazan,Coal,6043.79,4458.93,1347441.83,1.21
558,2023-12-21,Saint Petersburg,Vladivostok,Grain,5494.68,4725.25,1298186.83,0.0
559,2023-12-27,Ekaterinburg,Moscow,Coal,2870.48,3852.56,552934.82,0.0
560,2023-10-13,Vladivostok,Novosibirsk,Grain,519.18,126.48,3283.29,4.82
561,2023-09-30,Moscow,Ekaterinburg,Coal,2153.78,106.6,11479.65,5.35
562,2023-03-03,Moscow,Ekaterinburg,Grain,1612.13,1952.69,157399.51,3.01
563,2023-03-25,Vladivostok,Kazan,Containers,4766.31,802.64,191281.55,0.0
564,2023-08-05,Ekaterinburg,Novosibirsk,Metal,6316.45,190.09,60034.7,0.0
565,2023-12-08,Moscow,Moscow,Containers,2524.31,2373.93,299626.76,0.0
566,2023-07-06,Moscow,Novosibirsk,Containers,9421.04,4721.0,2223836.49,0.0
567,2023-01-19,Moscow,Novosibirsk,Coal,563.48,1686.72,47521.65,0.0
568,2023-06-26,Novosibirsk,Moscow,Grain,7836.86,3339.59,1308594.96,0.0
569,2023-04-10,Novosibirsk,Vladivostok,Metal,6439.45,3295.95,1061205.26,5.26
570,2023-08-21,Kazan,Novosibirsk,Coal,4048.77,1330.29,269301.91,0.0
571,2023-03-17,Saint Petersburg,Novosibirsk,Coal,979.64,3287.08,161007.75,6.92
572,2023-09-22,Vladivostok,Vladivostok,Coal,6461.12,1140.44,368425.98,3.97
573,2023-10-11,Vladivostok,Novosibirsk,Containers,4163.33,697.84,145266.91,3.47
574,2023-07-25,Vladivostok,Novosibirsk,Grain,9394.54,3536.78,1661321.06,10.33
575,2023-08-11,Kazan,Novosibirsk,Grain,5648.91,655.86,185244.71,0.0
576,2023-02-21,Novosibirsk,Ekaterinburg,Metal,9426.69,4984.86,2349536.5,6.37
577,2023-12-05,Ekaterinburg,Saint Petersburg,Grain,2594.6,998.92,129589.89,0.51
578,2023-05-24,Ekaterinburg,Vladivostok,Grain,7394.4,3011.3,1113337.84,14.86
579,2023-03-10,Kazan,Novosibirsk,Coal,6363.87,2115.74,673214.72,0.1
580,2023-04-09,Ekaterinburg,Ekaterinburg,Coal,7524.38,719.29,270610.56,0.0
581,2023-01-25,Vladivostok,Vladivostok,Containers,2539.34,236.44,30020.08,4.13
582,2023-02-22,Saint Petersburg,Kazan,Coal,6817.45,3151.39,1074222.19,0.96
583,2023-05-31,Moscow,Kazan,Coal,5231.38,4053.11,1060167.93,0.0
584,2023-05-24,Novosibirsk,Novosibirsk,Coal,7556.84,4225.88,1596714.95,0.0
585,2023-02-26,Novosibirsk,Ekaterinburg,Coal,3606.92,2465.3,444606.99,9.29
586,2023-02-08,Kazan,Ekaterinburg,Containers,8955.54,3909.53,1750597.61,0.0
587,2023-04-19,Novosibirsk,Vladivostok,Coal,1300.86,3396.95,220947.82,3.12
588,2023-06-30,Vladivostok,Vladivostok,Metal,8168.3,3648.85,1490245.07,7.28
589,2023-02-11,Ekaterinburg,Ekaterinburg,Metal,8682.54,2513.74,1091282.4,7.52
590,2023-07-05,Vladivostok,Vladivostok,Metal,8263.9,3203.72,1323761.09,0.0
591,2023-08-11,Kazan,Ekaterinburg,Metal,5370.9,4047.08,1086823.1,0.97
592,2023-05-02,Vladivostok,Saint Petersburg,Coal,4664.66,2049.63,478041.35,-0.0
593,2023-05-13,Ekaterinburg,Ekaterinburg,Metal,9964.49,4049.3,2017460.47,0.0
594,2023-06-12,Saint Petersburg,Kazan,Coal,2677.13,3000.88,401687.29,4.69
595,2023-08-03,Kazan,Vladivostok,Containers,5695.32,912.92,259968.58,2.19
596,2023-08-09,Saint Petersburg,Ekaterinburg,Metal,6871.42,220.95,75912.01,9.2
597,2023-08-23,Moscow,Ekaterinburg,Grain,7158.24,1877.49,671976.2,0.0
598,2023-11-27,Saint Petersburg,Vladivostok,Metal,2438.23,2778.81,338768.9,7.44
599,2023-05-26,Moscow,Saint Petersburg,Metal,6712.94,4215.12,1414792.38,7.8
600,2023-08-27,Moscow,Saint Petersburg,Coal,8274.51,724.68,299818.6,2.24
601,2023-03-17,Saint Petersburg,Vladivostok,Metal,975.18,4021.01,196060.43,0.0
602,2023-01-09,Kazan,Moscow,Grain,9159.45,4328.74,1982443.88,0.0
603,2023-03-15,Ekaterinburg,Vladivostok,Coal,780.29,838.37,32708.59,10.93
604,2023-09-10,Vladivostok,Vladivostok,Coal,3881.72,4272.81,829292.6,3.49
605,2023-08-18,Vladivostok,Saint Petersburg,Containers,650.23,4958.12,161195.92,5.47
606,2023-01-07,Ekaterinburg,Saint Petersburg,Containers,1232.88,3661.51,225710.12,1.55
607,2023-06-23,Moscow,Vladivostok,Metal,9156.1,3945.37,1806210.11,0.88
608,2023-05-21,Moscow,Vladivostok,Containers,3871.18,4972.63,962497.29,0.0
609,2023-06-17,Kazan,Vladivostok,Containers,4535.33,3066.86,695461.11,5.97
610,2023-06-19,Novosibirsk,Saint Petersburg,Containers,2545.77,1608.64,204761.37,7.4
611,2023-10-10,Saint Petersburg,Vladivostok,Coal,6172.41,4203.9,1297409.72,0.0
612,2023-05-02,Moscow,Vladivostok,Coal,6150.63,3110.98,956724.35,1.11
613,2023-07-13,Vladivostok,Novosibirsk,Coal,4035.9,2947.86,594863.41,0.43
614,2023-01-05,Kazan,Moscow,Containers,3663.83,1342.81,245991.38,4.1
615,2023-01-29,Saint Petersburg,Kazan,Coal,8907.16,3806.04,1695050.36,0.0
616,2023-06-14,Kazan,Moscow,Containers,4141.2,500.17,103565.2,6.66
617,2023-12-05,Saint Petersburg,Novosibirsk,Coal,5188.26,4629.01,1200825.37,2.36
618,2023-05-16,Saint Petersburg,Kazan,Coal,3191.4,1696.53,270715.29,0.0
619,2023-12-31,Ekaterinburg,Vladivostok,Grain,7974.31,726.1,289507.32,4.21
620,2023-11-17,Moscow,Novosibirsk,Metal,4275.76,2267.6,484785.67,6.98
621,2023-12-08,Kazan,Vladivostok,Containers,5379.3,308.1,82868.12,0.0
622,2023-05-25,Kazan,Saint Petersburg,Grain,2906.89,3454.67,502117.28,4.04
623,2023-11-23,Ekaterinburg,Ekaterinburg,Coal,9882.77,4523.26,2235116.91,11.15
624,2023-08-05,Vladivostok,Novosibirsk,Containers,3269.21,4202.59,686957.46,2.56
625,2023-10-28,Vladivostok,Saint Petersburg,Coal,7822.05,724.11,283201.23,7.71
626,2023-05-12,Moscow,Novosibirsk,Metal,4561.21,718.73,163913.92,0.0
627,2023-10-19,Moscow,Novosibirsk,Grain,2459.07,4085.83,502367.1,1.91
628,2023-03-11,Novosibirsk,Saint Petersburg,Metal,8097.33,4628.85,1874066.3,0.98
629,2023-09-09,Ekaterinburg,Kazan,Grain,3669.26,2357.28,432473.66,0.06
630,2023-10-02,Vladivostok,Moscow,Coal,8719.34,2544.96,1109518.58,1.26
631,2023-12-30,Saint Petersburg,Vladivostok,Metal,9194.94,1659.48,762940.95,0.0
632,2023-07-01,Kazan,Novosibirsk,Metal,8668.33,4481.9,1942529.41,0.35
633,2023-06-16,Moscow,Vladivostok,Coal,832.58,3260.02,135711.37,8.69
634,2023-04-01,Kazan,Ekaterinburg,Metal,7980.05,1512.43,603463.35,0.0
635,2023-07-21,Kazan,Saint Petersburg,Containers,4407.72,1564.04,344692.52,0.0
636,2023-12-12,Novosibirsk,Vladivostok,Grain,8800.37,4466.88,1965509.84,2.31
637,2023-01-19,Vladivostok,Saint Petersburg,Grain,6560.57,166.81,54718.43,2.56
638,2023-02-08,Moscow,Vladivostok,Grain,8419.61,1681.36,707819.77,3.89
639,2023-05-06,Kazan,Moscow,Containers,5244.6,2816.35,738531.46,1.43
640,2023-06-22,Moscow,Moscow,Grain,5582.74,826.27,230642.53,2.36
641,2023-05-21,Saint Petersburg,Moscow,Coal,1871.68,551.28,51590.99,0.25
642,2023-08-30,Novosibirsk,Moscow,Metal,7947.88,4094.85,1627268.82,0.0
643,2023-08-08,Saint Petersburg,Moscow,Containers,4484.2,4482.58,1005039.26,1.64
644,2023-05-06,Moscow,Moscow,Grain,5250.76,4135.67,1085770.53,5.62
645,2023-02-27,Moscow,Saint Petersburg,Coal,7958.43,4504.06,1792262.31,4.58
646,2023-05-28,Vladivostok,Novosibirsk,Metal,6189.03,2810.25,869636.08,0.0
647,2023-11-13,Kazan,Vladivostok,Metal,2410.44,4080.06,491736.99,3.26
648,2023-12-27,Kazan,Moscow,Containers,6107.21,1981.81,605166.49,0.0
649,2023-01-01,Saint Petersburg,Saint Petersburg,Containers,4372.51,3364.71,735611.41,8.96
650,2023-12-14,Novosibirsk,Saint Petersburg,Containers,4960.49,4945.29,1226553.08,3.63
651,2023-07-09,Ekaterinburg,Saint Petersburg,Coal,768.96,1206.07,46370.98,6.48
652,2023-07-10,Kazan,Novosibirsk,Coal,2495.28,2010.51,250839.27,2.11
653,2023-11-08,Vladivostok,Vladivostok,Containers,3169.86,2452.23,388661.29,1.67
654,2023-04-27,Saint Petersburg,Novosibirsk,Grain,7273.12,776.28,282298.88,9.48
655,2023-05-14,Saint Petersburg,Kazan,Metal,609.18,497.09,15140.86,6.86
656,2023-02-27,Ekaterinburg,Saint Petersburg,Metal,4383.38,4165.64,912979.15,2.59
657,2023-02-13,Vladivostok,Kazan,Coal,9278.26,4886.29,2266813.45,1.0
658,2023-06-22,Novosibirsk,Ekaterinburg,Metal,1562.87,2083.15,162784.63,0.0
659,2023-06-09,Vladivostok,Moscow,Grain,5406.03,529.48,143119.24,3.62
660,2023-06-22,Novosibirsk,Moscow,Metal,7971.96,422.48,168399.68,1.37
661,2023-11-13,Vladivostok,Novosibirsk,Coal,9454.05,4467.46,2111779.51,4.77
662,2023-10-30,Vladivostok,Vladivostok,Coal,7594.38,2372.69,900955.47,6.29
663,2023-05-29,Moscow,Kazan,Grain,7345.37,1668.13,612651.6,8.16
664,2023-03-21,Saint Petersburg,Vladivostok,Grain,8351.64,2434.66,1016670.19,3.68
665,2023-08-01,Vladivostok,Novosibirsk,Metal,4738.91,1659.69,393256.08,0.0
666,2023-07-22,Ekaterinburg,Moscow,Metal,8155.52,2496.28,1017923.07,0.0
667,2023-09-09,Vladivostok,Vladivostok,Coal,575.66,4311.83,124107.4,0.0
668,2023-08-17,Kazan,Vladivostok,Grain,9283.33,3002.28,1393557.8,8.67
669,2023-06-13,Saint Petersburg,Moscow,Grain,4711.41,3503.8,825391.92,11.12
670,2023-08-15,Kazan,Kazan,Grain,5757.11,1886.89,543151.66,0.81
671,2023-05-27,Saint Petersburg,Moscow,Metal,2921.38,3718.68,543183.87,0.0
672,2023-01-20,Kazan,Vladivostok,Grain,7554.04,3366.42,1271503.57,0.0
673,2023-02-16,Vladivostok,Kazan,Coal,1228.04,685.85,42112.56,7.69
674,2023-08-21,Vladivostok,Kazan,Coal,8790.04,2905.95,1277170.84,0.0
675,2023-11-01,Moscow,Moscow,Metal,8367.11,1358.04,568143.5,4.95
676,2023-01-14,Ekaterinburg,Vladivostok,Containers,2552.57,4040.07,515628.07,2.84
677,2023-05-23,Kazan,Novosibirsk,Metal,8188.58,2187.09,895458.07,5.55
678,2023-01-01,Novosibirsk,Vladivostok,Containers,7970.4,4973.95,1982218.55,11.09
679,2023-02-23,Moscow,Saint Petersburg,Grain,6506.06,553.25,179973.88,4.95
680,2023-09-16,Kazan,Ekaterinburg,Metal,4048.44,3923.7,794243.2,2.73
681,2023-05-24,Kazan,Novosibirsk,Coal,3079.24,3401.14,523646.32,11.64
682,2023-01-12,Moscow,Kazan,Grain,2701.94,3860.74,521574.39,3.75
683,2023-11-26,Vladivostok,Novosibirsk,Coal,3526.79,1606.9,283359.94,0.0
684,2023-08-12,Kazan,Kazan,Grain,9083.81,2511.07,1140504.14,5.44
685,2023-09-29,Vladivostok,Kazan,Metal,1237.59,4002.89,247696.83,4.24
686,2023-12-24,Moscow,Novosibirsk,Containers,8374.28,1239.45,518975.07,0.46
687,2023-06-05,Vladivostok,Kazan,Grain,3814.46,1207.56,230309.47,0.0
688,2023-01-08,Saint Petersburg,Kazan,Containers,5455.19,2800.15,763767.51,0.51
689,2023-05-02,Novosibirsk,Saint Petersburg,Grain,8047.61,2665.46,1072529.13,0.0
690,2023-12-14,Kazan,Vladivostok,Coal,8901.58,1483.09,660092.21,0.67
691,2023-06-13,Ekaterinburg,Vladivostok,Coal,3775.42,1560.57,294590.36,0.0
692,2023-03-31,Novosibirsk,Ekaterinburg,Grain,4887.51,1461.44,357140.13,3.93
693,2023-05-16,Vladivostok,Ekaterinburg,Containers,4437.9,3880.41,861043.58,3.56
694,2023-07-05,Kazan,Saint Petersburg,Metal,625.88,3294.31,103092.14,3.73
695,2023-11-12,Vladivostok,Ekaterinburg,Metal,3311.46,4178.84,691903.08,1.69
696,2023-06-27,Saint Petersburg,Novosibirsk,Coal,4862.3,4879.82,1186357.44,1.11
697,2023-01-28,Moscow,Moscow,Metal,4405.39,2423.41,533803.31,9.21
698,2023-08-08,Kazan,Moscow,Coal,7358.33,426.8,157026.76,2.34
699,2023-12-23,Saint Petersburg,Moscow,Metal,4155.63,335.65,69741.86,8.32
700,2023-02-10,Saint Petersburg,Saint Petersburg,Grain,5149.08,1548.76,398734.46,0.0
701,2023-08-16,Kazan,Saint Petersburg,Coal,4581.28,4669.47,1069607.48,4.95
702,2023-07-11,Vladivostok,Kazan,Coal,7535.95,2663.74,1003690.57,0.0
703,2023-05-25,Ekaterinburg,Moscow,Grain,8698.24,1431.75,622685.26,0.0
704,2023-07-20,Saint Petersburg,Novosibirsk,Coal,5552.95,2055.92,570821.05,0.0
705,2023-07-31,Novosibirsk,Ekaterinburg,Metal,7999.61,3033.12,1213188.85,0.0
706,2023-08-08,Saint Petersburg,Novosibirsk,Metal,3319.47,3299.45,547621.26,0.0
707,2023-08-28,Ekaterinburg,Ekaterinburg,Coal,5643.01,854.21,241015.78,8.09
708,2023-02-15,Vladivostok,Moscow,Metal,3779.68,4887.46,923651.74,2.23
709,2023-02-04,Vladivostok,Moscow,Containers,4434.91,2769.38,614097.55,3.13
710,2023-09-10,Novosibirsk,Moscow,Coal,7457.93,764.87,285217.35,0.0
711,2023-03-23,Saint Petersburg,Saint Petersburg,Grain,8875.79,4478.81,1987648.85,6.28
712,2023-09-13,Vladivostok,Ekaterinburg,Containers,1654.21,465.73,38520.76,3.78
713,2023-07-16,Ekaterinburg,Saint Petersburg,Coal,6529.07,4547.9,1484677.87,0.46
714,2023-10-30,Kazan,Saint Petersburg,Grain,6030.37,4983.17,1502517.94,0.0
715,2023-01-10,Moscow,Vladivostok,Metal,1624.94,3532.12,286974.15,3.08
716,2023-11-08,Moscow,Novosibirsk,Grain,2513.0,3875.19,486917.62,4.88
717,2023-10-13,Moscow,Novosibirsk,Containers,3454.52,1752.78,302750.68,0.0
718,2023-08-30,Saint Petersburg,Kazan,Metal,2085.85,4713.73,491606.69,0.52
719,2023-09-08,Novosibirsk,Saint Petersburg,Coal,2815.43,2695.6,379463.66,4.69
720,2023-12-31,Vladivostok,Ekaterinburg,Metal,3042.21,3688.7,561090.0,0.0
721,2023-01-05,Kazan,Vladivostok,Coal,3688.9,4628.13,853635.44,0.0
722,2023-04-29,Ekaterinburg,Vladivostok,Coal,7619.21,4878.38,1858470.08,3.88
723,2023-10-16,Kazan,Novosibirsk,Grain,5933.17,4182.7,1240833.51,7.53
724,2023-03-06,Ekaterinburg,Saint Petersburg,Grain,9869.34,1584.79,782041.57,12.93
725,2023-05-26,Saint Petersburg,Kazan,Grain,4439.99,4836.08,1073607.34,11.79
726,2023-08-12,Moscow,Saint Petersburg,Containers,7661.72,3177.79,1217366.86,2.72
727,2023-08-27,Saint Petersburg,Moscow,Containers,8778.95,4660.15,2045561.19,0.0
728,2023-06-26,Novosibirsk,Saint Petersburg,Grain,6950.3,3412.91,1186037.42,6.62
729,2023-09-24,Novosibirsk,Moscow,Containers,4412.72,1605.47,354224.48,0.0
730,2023-12-07,Ekaterinburg,Moscow,Metal,7659.15,1913.12,732643.65,0.0
731,2023-10-09,Vladivostok,Kazan,Metal,2434.84,2797.31,340550.11,0.47
732,2023-03-04,Vladivostok,Ekaterinburg,Containers,3611.75,3971.07,717125.6,0.0
733,2023-08-05,Ekaterinburg,Novosibirsk,Containers,5693.51,1658.11,472023.29,4.06
734,2023-12-08,Novosibirsk,Saint Petersburg,Metal,5966.39,2940.68,877262.19,0.0
735,2023-11-11,Novosibirsk,Moscow,Coal,710.34,1793.56,63701.87,2.43
736,2023-10-10,Novosibirsk,Saint Petersburg,Metal,9478.58,4097.27,1941815.07,9.97
737,2023-06-26,Saint Petersburg,Ekaterinburg,Metal,7117.96,2386.97,849517.85,2.61
738,2023-04-08,Novosibirsk,Novosibirsk,Containers,5209.19,475.94,123963.09,9.58
739,2023-04-15,Kazan,Ekaterinburg,Metal,9364.71,913.66,427808.05,8.01
740,2023-04-09,Moscow,Novosibirsk,Containers,4671.41,399.41,93290.39,4.96
741,2023-11-07,Novosibirsk,Vladivostok,Containers,9814.14,2546.58,1249624.63,0.23
742,2023-01-06,Ekaterinburg,Novosibirsk,Grain,5366.71,621.05,166649.76,7.2
743,2023-07-16,Moscow,Kazan,Metal,1585.71,659.29,52272.14,0.75
744,2023-12-17,Saint Petersburg,Ekaterinburg,Coal,7765.61,4711.14,1829243.79,1.99
745,2023-05-13,Ekaterinburg,Moscow,Grain,6949.53,4376.01,1520560.64,3.65
746,2023-12-24,Moscow,Vladivostok,Containers,7843.37,2315.22,907956.35,1.97
747,2023-09-16,Ekaterinburg,Kazan,Containers,9538.7,4930.45,2351504.17,0.0
748,2023-01-23,Saint Petersburg,Saint Petersburg,Coal,7876.65,100.91,39741.64,0.0
749,2023-02-22,Kazan,Ekaterinburg,Containers,6307.7,3108.5,980374.27,6.8
750,2023-06-14,Saint Petersburg,Moscow,Metal,8644.43,3120.5,1348747.19,4.85
751,2023-07-21,Saint Petersburg,Novosibirsk,Grain,6895.84,2341.47,807320.12,0.0
752,2023-03-24,Ekaterinburg,Moscow,Containers,4377.13,2045.05,447572.49,0.0
753,2023-05-25,Vladivostok,Saint Petersburg,Containers,8913.39,2331.38,1039024.96,2.9
754,2023-03-26,Novosibirsk,Vladivostok,Coal,2608.05,2133.31,278188.96,4.21
755,2023-03-19,Novosibirsk,Vladivostok,Metal,7289.09,3679.41,1340977.53,0.0
756,2023-01-01,Kazan,Ekaterinburg,Containers,8874.85,763.24,338682.03,1.55
757,2023-02-20,Kazan,Vladivostok,Coal,7447.51,1068.43,397857.16,4.7
758,2023-06-22,Novosibirsk,Ekaterinburg,Containers,7124.12,984.54,350699.06,0.24
759,2023-07-24,Vladivostok,Ekaterinburg,Coal,7650.06,1386.11,530191.23,3.28
760,2023-09-17,Novosibirsk,Ekaterinburg,Coal,4918.02,2673.77,657482.72,0.0
761,2023-10-15,Vladivostok,Novosibirsk,Metal,8804.62,644.92,283913.78,6.55
762,2023-02-03,Kazan,Kazan,Containers,2432.65,4354.03,529591.55,0.0
763,2023-12-14,Moscow,Ekaterinburg,Metal,1710.17,1557.07,133142.72,0.0
764,2023-04-05,Ekaterinburg,Ekaterinburg,Coal,3212.33,896.44,143983.06,2.14
765,2023-03-13,Kazan,Kazan,Grain,5549.99,3410.54,946423.14,0.0
766,2023-02-08,Kazan,Moscow,Containers,5350.34,286.62,76675.72,0.0
767,2023-06-03,Saint Petersburg,Ekaterinburg,Grain,8295.69,3137.85,1301531.54,7.42
768,2023-09-07,Saint Petersburg,Novosibirsk,Containers,4343.4,3521.17,764692.49,0.0
769,2023-06-11,Saint Petersburg,Vladivostok,Metal,5101.27,1153.09,294111.17,0.0
770,2023-04-28,Ekaterinburg,Vladivostok,Metal,626.99,305.62,9581.03,0.0
771,2023-09-16,Saint Petersburg,Saint Petersburg,Metal,4392.52,1881.86,413305.38,0.0
772,2023-11-02,Vladivostok,Saint Petersburg,Metal,6653.86,583.11,193996.62,1.29
773,2023-09-25,Novosibirsk,Vladivostok,Metal,647.33,670.74,21709.51,0.0
774,2023-02-23,Moscow,Vladivostok,Grain,3168.38,1345.88,213212.96,4.49
775,2023-08-24,Kazan,Novosibirsk,Metal,2475.59,1547.79,191584.67,5.23
776,2023-08-10,Vladivostok,Kazan,Coal,898.86,2696.85,121204.53,0.0
777,2023-09-08,Moscow,Saint Petersburg,Coal,5052.97,3424.12,865098.78,0.0
778,2023-11-09,Vladivostok,Kazan,Grain,2226.37,3004.58,334465.34,0.0
779,2023-04-22,Vladivostok,Novosibirsk,Containers,7559.27,826.97,312564.48,1.17
780,2023-09-12,Kazan,Vladivostok,Coal,8555.31,943.22,403476.97,7.41
781,2023-10-30,Novosibirsk,Ekaterinburg,Containers,5683.06,4405.97,1251969.59,7.7
782,2023-07-26,Saint Petersburg,Kazan,Grain,9826.22,2835.93,1393323.6,14.49
783,2023-08-17,Ekaterinburg,Vladivostok,Containers,4779.55,4362.7,1042587.14,0.0
784,2023-12-07,Novosibirsk,Vladivostok,Containers,5377.0,1920.58,516347.93,0.0
785,2023-03-07,Ekaterinburg,Moscow,Containers,9897.57,3110.56,1539349.27,11.07
786,2023-03-16,Kazan,Kazan,Containers,2699.71,2665.95,359864.59,0.0
787,2023-04-13,Kazan,Ekaterinburg,Grain,9454.19,1663.71,786451.52,10.96
788,2023-07-11,Kazan,Kazan,Coal,906.96,2402.59,108952.65,2.74
789,2023-09-09,Moscow,Vladivostok,Metal,4740.68,2562.21,607330.89,2.92
790,2023-08-14,Ekaterinburg,Ekaterinburg,Containers,1165.03,1083.78,63131.81,0.0
791,2023-10-21,Novosibirsk,Novosibirsk,Coal,7427.73,1643.55,610392.28,0.0
792,2023-11-02,Novosibirsk,Moscow,Coal,6279.88,3977.91,1249039.87,10.74
793,2023-04-08,Vladivostok,Vladivostok,Grain,7213.03,4587.36,1654438.27,1.76
794,2023-12-04,Vladivostok,Saint Petersburg,Coal,4057.56,1862.99,377959.69,0.0
795,2023-10-13,Vladivostok,Saint Petersburg,Grain,4010.08,1604.16,321640.5,4.03
796,2023-12-01,Kazan,Moscow,Containers,930.53,1056.47,49153.85,1.04
797,2023-12-13,Novosibirsk,Novosibirsk,Containers,3824.48,3424.61,654867.62,3.73
798,2023-11-04,Ekaterinburg,Vladivostok,Metal,9328.24,1683.19,785060.01,0.0
799,2023-09-06,Kazan,Kazan,Metal,4102.65,4939.97,1013348.4,1.61
800,2023-06-15,Moscow,Moscow,Metal,8397.99,1695.86,712090.77,0.0
801,2023-12-01,Vladivostok,Novosibirsk,Coal,8502.09,2031.27,863502.02,0.0
802,2023-01-30,Kazan,Kazan,Containers,4045.79,3056.34,618265.49,4.41
803,2023-09-04,Kazan,Saint Petersburg,Grain,6503.89,4028.25,1309964.74,0.0
804,2023-04-16,Moscow,Saint Petersburg,Metal,1406.03,2400.64,168768.59,1.18
805,2023-02-20,Saint Petersburg,Kazan,Grain,1484.95,2171.01,161192.06,6.63
806,2023-03-22,Novosibirsk,Moscow,Grain,962.25,4978.63,239534.34,0.0
807,2023-05-13,Ekaterinburg,Saint Petersburg,Metal,6019.64,151.42,45574.69,5.02
808,2023-10-12,Saint Petersburg,Vladivostok,Containers,4547.67,4485.82,1020001.45,0.5
809,2023-05-18,Vladivostok,Ekaterinburg,Metal,5706.31,830.79,237037.26,0.0
810,2023-07-03,Kazan,Kazan,Grain,5450.2,3951.03,1076695.19,12.11
811,2023-11-26,Moscow,Kazan,Metal,3826.93,3127.86,598505.06,2.0
812,2023-09-30,Moscow,Saint Petersburg,Grain,6936.0,1775.05,615587.34,0.0
813,2023-12-06,Novosibirsk,Moscow,Grain,7705.77,4381.99,1688330.35,0.0
814,2023-03-10,Saint Petersburg,Vladivostok,Metal,638.97,163.25,5215.59,6.41
815,2023-02-03,Novosibirsk,Moscow,Coal,2468.8,1210.78,149458.68,0.0
816,2023-09-19,Kazan,Novosibirsk,Metal,7275.74,2877.77,1046895.31,5.78
817,2023-02-22,Novosibirsk,Novosibirsk,Coal,4172.89,1822.56,380267.12,1.99
818,2023-07-24,Ekaterinburg,Ekaterinburg,Grain,6793.6,3090.85,1049899.93,7.58
819,2023-05-06,Moscow,Saint Petersburg,Grain,3796.15,218.14,41404.61,0.0
820,2023-08-23,Moscow,Saint Petersburg,Coal,4212.17,670.65,141244.59,0.0
821,2023-02-12,Vladivostok,Saint Petersburg,Grain,2007.45,722.77,72546.23,0.59
822,2023-08-28,Vladivostok,Ekaterinburg,Coal,2953.19,1027.49,151718.66,1.01
823,2023-04-21,Kazan,Novosibirsk,Coal,6251.41,2350.72,734765.73,0.23
824,2023-09-06,Ekaterinburg,Moscow,Grain,4615.05,3785.43,873497.44,15.16
825,2023-05-31,Saint Petersburg,Ekaterinburg,Containers,7855.88,4537.14,1782161.37,12.32
826,2023-07-02,Novosibirsk,Ekaterinburg,Coal,8599.56,4193.33,1803039.65,3.5
827,2023-12-02,Kazan,Moscow,Metal,5645.64,1064.75,300559.76,4.08
828,2023-04-05,Vladivostok,Saint Petersburg,Metal,7703.54,2261.64,871131.71,0.82
829,2023-01-08,Novosibirsk,Vladivostok,Grain,3415.59,1077.12,183950.02,0.0
830,2023-12-26,Vladivostok,Moscow,Containers,4442.23,1395.91,310047.66,1.09
831,2023-07-03,Novosibirsk,Novosibirsk,Grain,7271.39,2567.38,933421.06,5.86
832,2023-10-08,Saint Petersburg,Kazan,Containers,4169.01,433.73,90411.24,8.53
833,2023-07-14,Kazan,Kazan,Coal,6090.8,1169.05,356022.49,6.98
834,2023-12-18,Novosibirsk,Ekaterinburg,Coal,2261.04,4683.35,529462.08,0.0
835,2023-07-14,Ekaterinburg,Kazan,Coal,6197.83,2383.97,738772.04,0.55
836,2023-06-04,Moscow,Vladivostok,Coal,8684.38,2282.39,991057.1,0.0
837,2023-04-03,Ekaterinburg,Saint Petersburg,Metal,8752.08,171.38,74996.57,7.84
838,2023-06-09,Ekaterinburg,Novosibirsk,Metal,7381.27,1312.26,484307.27,0.0
839,2023-03-02,Moscow,Vladivostok,Grain,7584.66,4344.83,1647702.92,1.76
840,2023-05-02,Ekaterinburg,Novosibirsk,Containers,5800.31,906.68,262951.25,4.4
841,2023-02-20,Novosibirsk,Novosibirsk,Coal,6054.35,2134.11,646032.44,15.83
842,2023-10-04,Novosibirsk,Saint Petersburg,Coal,1769.68,170.22,15061.75,3.34
843,2023-01-05,Novosibirsk,Ekaterinburg,Containers,4716.66,2443.84,576338.12,0.81
844,2023-04-02,Moscow,Kazan,Containers,4782.37,203.0,48541.06,0.0
845,2023-06-19,Ekaterinburg,Saint Petersburg,Grain,9605.73,4116.09,1976902.46,9.29
846,2023-11-13,Moscow,Vladivostok,Containers,4595.33,4141.78,951642.29,1.09
847,2023-01-22,Novosibirsk,Ekaterinburg,Coal,5718.76,3959.94,1132297.32,10.29
848,2023-11-22,Ekaterinburg,Vladivostok,Coal,5565.89,1488.48,414235.8,7.53
849,2023-01-01,Ekaterinburg,Ekaterinburg,Coal,6549.24,4202.46,1376145.96,0.0
850,2023-05-13,Vladivostok,Vladivostok,Coal,7608.21,2760.69,1050195.46,0.0
851,2023-08-21,Vladivostok,Saint Petersburg,Coal,2637.9,1931.66,254776.3,3.36
852,2023-01-12,Saint Petersburg,Ekaterinburg,Grain,5522.88,3164.12,873752.75,0.0
853,2023-12-12,Kazan,Ekaterinburg,Coal,8346.22,160.47,66965.9,2.2
854,2023-02-15,Vladivostok,Novosibirsk,Grain,4899.59,800.51,196108.54,7.25
855,2023-02-03,Moscow,Novosibirsk,Coal,3145.35,3737.24,587746.39,0.0
856,2023-03-19,Vladivostok,Moscow,Metal,6719.74,1296.39,435570.19,3.32
857,2023-08-06,Saint Petersburg,Vladivostok,Metal,8325.79,3030.24,1261457.09,5.8
858,2023-10-28,Ekaterinburg,Novosibirsk,Metal,1099.83,1987.0,109268.11,6.04
859,2023-03-14,Saint Petersburg,Moscow,Metal,7879.51,4288.55,1689583.63,0.0
860,2023-10-09,Ekaterinburg,Novosibirsk,Grain,8305.66,4766.83,1979583.46,4.1
861,2023-09-06,Ekaterinburg,Vladivostok,Grain,4884.47,4429.47,1081780.67,8.02
862,2023-02-16,Kazan,Ekaterinburg,Containers,9841.4,1426.04,701711.5,3.72
863,2023-05-01,Vladivostok,Kazan,Coal,7973.73,1051.4,419178.99,1.42
864,2023-08-02,Moscow,Vladivostok,Metal,7849.79,2424.73,951681.07,7.7
865,2023-08-27,Moscow,Saint Petersburg,Grain,7604.47,135.94,51687.58,0.0
866,2023-02-25,Novosibirsk,Novosibirsk,Coal,1930.78,226.47,21863.19,0.0
867,2023-12-16,Ekaterinburg,Novosibirsk,Coal,2563.69,2811.12,360342.01,1.0
868,2023-04-17,Moscow,Ekaterinburg,Grain,4907.91,2650.2,650347.15,4.68
869,2023-11-15,Kazan,Saint Petersburg,Metal,3008.04,4973.45,748016.83,7.19
870,2023-02-17,Ekaterinburg,Ekaterinburg,Containers,4444.79,1089.02,242023.26,4.65
871,2023-03-02,Kazan,Saint Petersburg,Coal,8940.41,1364.71,610053.35,6.18
872,2023-12-03,Moscow,Kazan,Containers,8331.11,656.35,273406.2,7.23
873,2023-01-26,Moscow,Novosibirsk,Metal,6485.38,4595.96,1490327.35,0.3
874,2023-10-19,Novosibirsk,Novosibirsk,Metal,8652.14,3911.28,1692047.11,1.26
875,2023-09-14,Moscow,Kazan,Containers,7945.84,4129.46,1640601.42,8.44
876,2023-01-08,Ekaterinburg,Moscow,Metal,4575.36,4523.54,1034841.2,0.0
877,2023-04-23,Ekaterinburg,Ekaterinburg,Coal,2410.12,2672.01,321993.24,4.15
878,2023-12-21,Ekaterinburg,Kazan,Containers,5384.91,2310.85,622185.96,0.0
879,2023-09-10,Novosibirsk,Ekaterinburg,Metal,7494.17,1718.92,644093.93,7.5
880,2023-06-29,Novosibirsk,Vladivostok,Containers,4645.99,2987.15,693913.45,1.91
881,2023-07-26,Moscow,Novosibirsk,Coal,6834.33,2325.96,794818.91,2.04
882,2023-10-30,Saint Petersburg,Ekaterinburg,Metal,1396.11,2312.67,161437.09,10.64
883,2023-05-07,Saint Petersburg,Saint Petersburg,Coal,7606.04,4690.95,1783977.67,0.0
884,2023-02-25,Novosibirsk,Ekaterinburg,Metal,8220.78,4921.75,2023031.2,3.08
885,2023-08-02,Moscow,Vladivostok,Grain,7214.96,4002.77,1443991.27,1.1
886,2023-01-14,Saint Petersburg,Novosibirsk,Metal,9689.0,3808.11,1844838.89,4.66
887,2023-01-28,Moscow,Kazan,Containers,8353.19,3434.73,1434547.61,11.65
888,2023-03-19,Moscow,Vladivostok,Metal,9079.39,913.77,414823.71,0.0
889,2023-08-04,Moscow,Novosibirsk,Coal,9368.93,389.62,182516.13,0.0
890,2023-12-31,Vladivostok,Ekaterinburg,Coal,8112.81,3484.56,1413478.66,0.0
891,2023-06-03,Ekaterinburg,Moscow,Metal,6905.46,3671.05,1267514.45,0.84
892,2023-01-14,Moscow,Moscow,Containers,554.33,330.17,9151.16,2.32
893,2023-07-06,Vladivostok,Saint Petersburg,Grain,4925.34,4647.45,1144513.57,2.57
894,2023-11-08,Novosibirsk,Novosibirsk,Containers,5926.04,546.59,161955.71,11.01
895,2023-01-07,Saint Petersburg,Moscow,Grain,3388.29,1500.91,254275.92,10.12
896,2023-01-03,Ekaterinburg,Kazan,Coal,3521.99,3394.71,597806.73,8.51
897,2023-04-21,Saint Petersburg,Novosibirsk,Containers,9631.01,932.38,448988.06,14.57
898,2023-08-26,Ekaterinburg,Kazan,Grain,8971.25,371.54,166658.91,6.12
899,2023-12-29,Saint Petersburg,Kazan,Metal,8567.2,1722.62,737901.5,7.54
900,2023-08-27,Ekaterinburg,Moscow,Coal,4357.11,3853.26,839453.88,6.02
901,2023-10-01,Saint Petersburg,Novosibirsk,Metal,630.14,2127.03,67016.33,5.2
902,2023-10-21,Saint Petersburg,Ekaterinburg,Coal,1262.11,3299.57,208221.01,3.97
903,2023-08-15,Saint Petersburg,Vladivostok,Containers,3465.87,2940.13,509505.42,0.02
904,2023-01-15,Saint Petersburg,Moscow,Containers,649.56,208.87,6783.68,0.0
905,2023-07-11,Novosibirsk,Moscow,Coal,662.92,4943.85,163868.85,1.35
906,2023-04-29,Moscow,Ekaterinburg,Coal,9207.73,303.0,139497.11,4.83
907,2023-01-28,Kazan,Novosibirsk,Coal,7208.51,4842.23,1745263.17,2.36
908,2023-07-21,Vladivostok,Novosibirsk,Containers,3435.08,2794.33,479937.35,0.0
909,2023-02-08,Kazan,Kazan,Grain,1760.12,4819.48,424143.16,1.17
910,2023-09-30,Kazan,Ekaterinburg,Metal,5360.54,662.29,177511.6,0.91
911,2023-08-19,Ekaterinburg,Ekaterinburg,Metal,550.79,2503.0,68931.37,1.69
912,2023-03-27,Moscow,Novosibirsk,Containers,9414.93,930.57,438062.57,4.45
913,2023-05-06,Ekaterinburg,Kazan,Metal,4440.74,349.78,77664.1,5.53
914,2023-10-27,Moscow,Moscow,Coal,4322.18,3125.89,675532.96,0.0
915,2023-01-25,Moscow,Saint Petersburg,Grain,4210.64,1118.14,235404.25,6.91
916,2023-05-25,Saint Petersburg,Vladivostok,Metal,1158.62,2979.72,172618.16,7.66
917,2023-01-13,Novosibirsk,Moscow,Grain,6564.06,650.59,213525.59,3.6
918,2023-07-31,Saint Petersburg,Novosibirsk,Coal,7463.53,1726.73,644375.06,5.32
919,2023-01-25,Novosibirsk,Vladivostok,Metal,6923.19,3930.0,1360406.84,6.92
920,2023-03-09,Ekaterinburg,Saint Petersburg,Containers,1815.14,2241.55,203436.35,0.0
921,2023-03-08,Novosibirsk,Saint Petersburg,Grain,5998.98,3175.95,952623.03,7.27
922,2023-08-21,Ekaterinburg,Kazan,Coal,5910.1,3272.54,967051.93,0.0
923,2023-04-19,Kazan,Vladivostok,Grain,8749.9,4234.4,1852528.83,0.0
924,2023-05-26,Kazan,Kazan,Metal,4101.71,1692.12,347029.28,2.98
925,2023-04-21,Novosibirsk,Moscow,Metal,4029.12,3467.75,698599.04,0.0
926,2023-08-16,Novosibirsk,Ekaterinburg,Containers,6376.01,4811.92,1534042.5,2.88
927,2023-04-21,Ekaterinburg,Ekaterinburg,Coal,6514.19,3678.19,1198021.43,6.91
928,2023-02-03,Saint Petersburg,Ekaterinburg,Coal,4958.21,2500.37,619867.98,0.0
929,2023-04-21,Ekaterinburg,Vladivostok,Containers,4709.06,3190.52,751217.51,7.45
930,2023-09-21,Saint Petersburg,Ekaterinburg,Containers,5194.4,3724.45,967314.15,0.0
931,2023-08-24,Kazan,Moscow,Coal,8679.93,3100.15,1345454.25,3.03
932,2023-03-24,Moscow,Kazan,Grain,4881.09,181.71,44347.14,0.0
933,2023-02-11,Novosibirsk,Vladivostok,Grain,9429.35,1054.39,497110.62,4.86
934,2023-04-11,Saint Petersburg,Kazan,Containers,5288.04,4071.29,1076457.22,7.12
935,2023-01-06,Ekaterinburg,Vladivostok,Grain,9517.41,1435.99,683345.28,5.24
936,2023-06-29,Kazan,Kazan,Coal,8411.9,3684.65,1549745.37,1.98
937,2023-10-09,Saint Petersburg,Saint Petersburg,Metal,3943.1,1923.39,379205.96,0.0
938,2023-11-16,Ekaterinburg,Kazan,Metal,8704.59,2657.23,1156504.88,1.65
939,2023-08-14,Novosibirsk,Ekaterinburg,Grain,1545.6,433.07,33467.65,5.28
940,2023-11-11,Novosibirsk,Saint Petersburg,Containers,9287.95,988.01,458829.37,5.45
941,2023-12-31,Vladivostok,Kazan,Containers,6500.61,4790.27,1556983.85,4.75
942,2023-08-17,Moscow,Vladivostok,Containers,1016.71,4461.68,226811.73,0.0
943,2023-10-16,Vladivostok,Vladivostok,Containers,6620.44,3296.15,1091098.17,1.88
944,2023-05-30,Kazan,Vladivostok,Containers,9755.35,2352.26,1147355.98,0.0
945,2023-10-04,Saint Petersburg,Novosibirsk,Grain,1163.11,3411.23,198381.79,5.32
946,2023-07-17,Kazan,Moscow,Metal,5769.53,3131.19,903274.73,0.0
947,2023-03-11,Ekaterinburg,Vladivostok,Metal,7604.05,2885.91,1097230.2,4.26
948,2023-04-22,Novosibirsk,Saint Petersburg,Grain,8197.46,389.97,159838.17,0.59
949,2023-01-04,Vladivostok,Vladivostok,Containers,4431.36,3200.73,709179.34,0.0
950,2023-12-16,Vladivostok,Novosibirsk,Grain,2439.58,3867.71,471779.4,6.65
951,2023-11-27,Vladivostok,Ekaterinburg,Metal,902.25,4971.0,224254.24,1.87
952,2023-11-14,Kazan,Saint Petersburg,Coal,6007.4,154.28,46341.08,8.38
953,2023-12-16,Novosibirsk,Novosibirsk,Grain,4802.66,3677.85,883173.15,0.0
954,2023-04-05,Saint Petersburg,Ekaterinburg,Containers,9513.07,2901.77,1380237.06,0.54
955,2023-06-01,Ekaterinburg,Saint Petersburg,Metal,1075.75,2226.86,119777.23,0.92
956,2023-11-07,Saint Petersburg,Kazan,Metal,7011.26,725.09,254189.73,3.35
957,2023-05-17,Kazan,Moscow,Metal,737.18,2104.52,77570.5,0.0
958,2023-09-04,Ekaterinburg,Moscow,Metal,2128.62,1836.45,195455.21,4.72
959,2023-08-31,Vladivostok,Novosibirsk,Containers,4809.0,1583.87,380841.54,11.56
960,2023-01-31,Moscow,Ekaterinburg,Coal,4821.29,3681.31,887433.15,4.37
961,2023-02-09,Kazan,Moscow,Metal,7014.16,3533.56,1239247.76,2.46
962,2023-08-17,Kazan,Ekaterinburg,Grain,9147.02,2986.2,1365741.56,0.0
963,2023-02-05,Novosibirsk,Ekaterinburg,Coal,6570.81,4699.46,1543962.94,0.0
964,2023-08-11,Saint Petersburg,Novosibirsk,Metal,9558.58,1814.29,867101.81,1.72
965,2023-01-06,Kazan,Novosibirsk,Coal,8875.35,1294.63,574514.72,0.0
966,2023-11-18,Kazan,Novosibirsk,Grain,6052.75,3313.93,1002919.49,7.13
967,2023-08-08,Vladivostok,Moscow,Metal,8421.02,1074.19,452288.77,4.67
968,2023-03-16,Vladivostok,Novosibirsk,Grain,6604.49,1643.55,542740.48,15.46
969,2023-01-04,Ekaterinburg,Moscow,Containers,1246.3,1200.55,74812.27,0.0
970,2023-12-01,Moscow,Novosibirsk,Metal,7535.36,438.85,165344.64,2.17
971,2023-05-14,Novosibirsk,Vladivostok,Metal,1401.63,4154.74,291170.41,0.0
972,2023-04-28,Moscow,Ekaterinburg,Metal,6143.79,1347.25,413861.05,0.0
973,2023-04-04,Ekaterinburg,Novosibirsk,Metal,7175.08,2417.83,867406.18,5.61
974,2023-03-03,Vladivostok,Saint Petersburg,Containers,1132.01,312.24,17672.94,4.48
975,2023-07-13,Saint Petersburg,Ekaterinburg,Metal,2692.55,3526.76,474798.88,0.0
976,2023-12-01,Vladivostok,Ekaterinburg,Coal,9198.89,1719.75,790989.55,2.47
977,2023-07-22,Novosibirsk,Novosibirsk,Metal,6354.99,3749.21,1191309.6,0.0
978,2023-01-26,Vladivostok,Kazan,Containers,2839.72,2120.77,301119.65,0.0
979,2023-06-22,Novosibirsk,Novosibirsk,Metal,7061.46,1059.2,373974.92,0.4
980,2023-10-27,Novosibirsk,Ekaterinburg,Coal,6169.38,2614.56,806510.71,0.0
981,2023-05-13,Novosibirsk,Saint Petersburg,Containers,5264.97,739.47,194664.37,0.0
982,2023-11-22,Ekaterinburg,Ekaterinburg,Containers,9773.78,2258.64,1103772.52,0.0
983,2023-04-28,Novosibirsk,Saint Petersburg,Coal,6992.81,1654.8,578585.1,4.11
984,2023-11-20,Novosibirsk,Moscow,Coal,4066.69,4568.6,928954.0,0.0
985,2023-10-02,Saint Petersburg,Vladivostok,Coal,8100.7,398.55,161426.7,0.86
986,2023-07-31,Moscow,Ekaterinburg,Coal,8903.54,3500.69,1558426.67,0.0
987,2023-08-13,Kazan,Novosibirsk,Coal,1689.6,995.48,84098.15,0.0
988,2023-01-20,Moscow,Moscow,Containers,2405.25,1663.32,200035.02,0.0
989,2023-04-23,Novosibirsk,Vladivostok,Containers,2554.16,2136.02,272786.84,1.93
990,2023-05-20,Saint Petersburg,Novosibirsk,Metal,7066.51,4549.27,1607373.1,0.93
991,2023-02-16,Vladivostok,Kazan,Metal,6228.88,1288.63,401336.08,0.0
992,2023-01-01,Saint Petersburg,Novosibirsk,Grain,6380.42,547.41,174635.29,5.61
993,2023-03-31,Novosibirsk,Saint Petersburg,Metal,9437.35,1661.58,784045.6,0.0
994,2023-05-22,Saint Petersburg,Saint Petersburg,Metal,7871.16,612.91,241215.63,0.0
995,2023-11-16,Saint Petersburg,Kazan,Coal,1715.4,730.12,62622.39,3.42
996,2023-02-07,Novosibirsk,Moscow,Coal,3801.32,2911.87,553447.48,3.6
997,2023-10-20,Ekaterinburg,Vladivostok,Metal,4636.24,398.42,92358.54,0.0
998,2023-05-19,Saint Petersburg,Novosibirsk,Grain,4261.64,251.56,53602.91,0.0
999,2023-12-22,Kazan,Saint Petersburg,Coal,6858.43,3600.63,1234733.44,0.0
1000,2023-11-29,Kazan,Moscow,Metal,8972.98,1872.07,839902.33,2.81
